image_path,target,subset
./train/angular_leaf_spot_train.0.jpg,angular_leaf_spot,train
./train/angular_leaf_spot_train.1.jpg,angular_leaf_spot,train
./train/angular_leaf_spot_train.2.jpg,angular_leaf_spot,train
./train/angular_leaf_spot_train.3.jpg,angular_leaf_spot,train
./train/angular_leaf_spot_train.4.jpg,angular_leaf_spot,train
./train/angular_leaf_spot_train.5.jpg,angular_leaf_spot,train
./train/angular_leaf_spot_train.6.jpg,angular_leaf_spot,train
./train/angular_leaf_spot_train.7.jpg,angular_leaf_spot,train
./train/angular_leaf_spot_train.8.jpg,angular_leaf_spot,train
./train/angular_leaf_spot_train.9.jpg,angular_leaf_spot,train
./train/bean_rust_train.0.jpg,bean_rust,train
./train/bean_rust_train.1.jpg,bean_rust,train
./train/bean_rust_train.2.jpg,bean_rust,train
./train/bean_rust_train.3.jpg,bean_rust,train
./train/bean_rust_train.4.jpg,bean_rust,train
./train/bean_rust_train.5.jpg,bean_rust,train
./train/bean_rust_train.6.jpg,bean_rust,train
./train/bean_rust_train.7.jpg,bean_rust,train
./train/bean_rust_train.8.jpg,bean_rust,train
./train/bean_rust_train.9.jpg,bean_rust,train
./train/healthy_train.0.jpg,healthy,train
./train/healthy_train.1.jpg,healthy,train
./train/healthy_train.2.jpg,healthy,train
./train/healthy_train.3.jpg,healthy,train
./train/healthy_train.4.jpg,healthy,train
./train/healthy_train.5.jpg,healthy,train
./train/healthy_train.6.jpg,healthy,train
./train/healthy_train.7.jpg,healthy,train
./train/healthy_train.8.jpg,healthy,train
./train/healthy_train.9.jpg,healthy,train
./val/angular_leaf_spot_val.0.jpg,angular_leaf_spot,val
./val/angular_leaf_spot_val.1.jpg,angular_leaf_spot,val
./val/angular_leaf_spot_val.2.jpg,angular_leaf_spot,val
./val/angular_leaf_spot_val.3.jpg,angular_leaf_spot,val
./val/angular_leaf_spot_val.4.jpg,angular_leaf_spot,val
./val/angular_leaf_spot_val.5.jpg,angular_leaf_spot,val
./val/angular_leaf_spot_val.6.jpg,angular_leaf_spot,val
./val/angular_leaf_spot_val.7.jpg,angular_leaf_spot,val
./val/angular_leaf_spot_val.8.jpg,angular_leaf_spot,val
./val/angular_leaf_spot_val.9.jpg,angular_leaf_spot,val
./val/bean_rust_val.0.jpg,bean_rust,val
./val/bean_rust_val.1.jpg,bean_rust,val
./val/bean_rust_val.2.jpg,bean_rust,val
./val/bean_rust_val.3.jpg,bean_rust,val
./val/bean_rust_val.4.jpg,bean_rust,val
./val/bean_rust_val.5.jpg,bean_rust,val
./val/bean_rust_val.6.jpg,bean_rust,val
./val/bean_rust_val.7.jpg,bean_rust,val
./val/bean_rust_val.8.jpg,bean_rust,val
./val/bean_rust_val.9.jpg,bean_rust,val
./val/healthy_val.0.jpg,healthy,val
./val/healthy_val.1.jpg,healthy,val
./val/healthy_val.2.jpg,healthy,val
./val/healthy_val.3.jpg,healthy,val
./val/healthy_val.4.jpg,healthy,val
./val/healthy_val.5.jpg,healthy,val
./val/healthy_val.6.jpg,healthy,val
./val/healthy_val.7.jpg,healthy,val
./val/healthy_val.8.jpg,healthy,val
./val/healthy_val.9.jpg,healthy,val
./test/angular_leaf_spot_test.0.jpg,angular_leaf_spot,test
./test/angular_leaf_spot_test.1.jpg,angular_leaf_spot,test
./test/angular_leaf_spot_test.2.jpg,angular_leaf_spot,test
./test/angular_leaf_spot_test.3.jpg,angular_leaf_spot,test
./test/angular_leaf_spot_test.4.jpg,angular_leaf_spot,test
./test/angular_leaf_spot_test.5.jpg,angular_leaf_spot,test
./test/angular_leaf_spot_test.6.jpg,angular_leaf_spot,test
./test/angular_leaf_spot_test.7.jpg,angular_leaf_spot,test
./test/angular_leaf_spot_test.8.jpg,angular_leaf_spot,test
./test/angular_leaf_spot_test.9.jpg,angular_leaf_spot,test
./test/bean_rust_test.0.jpg,bean_rust,test
./test/bean_rust_test.1.jpg,bean_rust,test
./test/bean_rust_test.2.jpg,bean_rust,test
./test/bean_rust_test.3.jpg,bean_rust,test
./test/bean_rust_test.4.jpg,bean_rust,test
./test/bean_rust_test.5.jpg,bean_rust,test
./test/bean_rust_test.6.jpg,bean_rust,test
./test/bean_rust_test.7.jpg,bean_rust,test
./test/bean_rust_test.8.jpg,bean_rust,test
./test/bean_rust_test.9.jpg,bean_rust,test
./test/healthy_test.0.jpg,healthy,test
./test/healthy_test.1.jpg,healthy,test
./test/healthy_test.2.jpg,healthy,test
./test/healthy_test.3.jpg,healthy,test
./test/healthy_test.4.jpg,healthy,test
./test/healthy_test.5.jpg,healthy,test
./test/healthy_test.6.jpg,healthy,test
./test/healthy_test.7.jpg,healthy,test
./test/healthy_test.8.jpg,healthy,test
./test/healthy_test.9.jpg,healthy,test
