image_path,target,subset
./test/bees/index.jpeg,bees,test
./test/bees/6a00d8341c630a53ef00e553d0beb18834-800wi_TEST_CONTROL.jpg,bees,test
./test/bees/funcao-da-abelha-rainha-cursos-cpt2.jpg,bees,test
./test/bees/dia-da-abelha.jpg,bees,test
./test/bees/images.jpeg,bees,test
./test/bees/abelha2.jpg,bees,test
./test/bees/abelha.jpg,bees,test
./test/bees/como-nasce-uma-abelha-rainha-470x314.jpg,bees,test
./test/ants/800px-Meat_eater_ant_qeen_excavating_hole_TEST_CONTROL.jpg,ants,test
./test/ants/ant-debunking-the-ant-vs-grasshopper-myth-anthony-davis-celtics.jpg,ants,test
./test/ants/3-23.jpg,ants,test
./test/ants/images.jpeg,ants,test
./test/ants/2b46152968a943f83267ddf222721feb.jpg,ants,test
./test/ants/istockphoto-520981235-612x612.jpg,ants,test
./test/ants/papel-da-formiga-rainha-curiosidades-470x314.jpg,ants,test
./train/bees/1097045929_1753d1c765.jpg,bees,train
./train/bees/2610833167_79bf0bcae5.jpg,bees,train
./train/bees/2330918208_8074770c20.jpg,bees,train
./train/bees/2538361678_9da84b77e3.jpg,bees,train
./train/bees/196658222_3fffd79c67.jpg,bees,train
./train/bees/2397446847_04ef3cd3e1.jpg,bees,train
./train/bees/1691282715_0addfdf5e8.jpg,bees,train
./train/bees/2610838525_fe8e3cae47.jpg,bees,train
./train/bees/444532809_9e931e2279.jpg,bees,train
./train/bees/2345177635_caf07159b3.jpg,bees,train
./train/bees/342758693_c56b89b6b6.jpg,bees,train
./train/bees/2031225713_50ed499635.jpg,bees,train
./train/bees/16838648_415acd9e3f.jpg,bees,train
./train/bees/132511197_0b86ad0fff.jpg,bees,train
./train/bees/473618094_8ffdcab215.jpg,bees,train
./train/bees/3074585407_9854eb3153.jpg,bees,train
./train/bees/2477349551_e75c97cf4d.jpg,bees,train
./train/bees/760568592_45a52c847f.jpg,bees,train
./train/bees/3044402684_3853071a87.jpg,bees,train
./train/bees/2765347790_da6cf6cb40.jpg,bees,train
./train/bees/150013791_969d9a968b.jpg,bees,train
./train/bees/279113587_b4843db199.jpg,bees,train
./train/bees/1799726602_8580867f71.jpg,bees,train
./train/bees/2638074627_6b3ae746a0.jpg,bees,train
./train/bees/2801728106_833798c909.jpg,bees,train
./train/bees/2358061370_9daabbd9ac.jpg,bees,train
./train/bees/205835650_e6f2614bee.jpg,bees,train
./train/bees/2634617358_f32fd16bea.jpg,bees,train
./train/bees/132826773_dbbcb117b9.jpg,bees,train
./train/bees/873076652_eb098dab2d.jpg,bees,train
./train/bees/509247772_2db2d01374.jpg,bees,train
./train/bees/2792000093_e8ae0718cf.jpg,bees,train
./train/bees/2645107662_b73a8595cc.jpg,bees,train
./train/bees/774440991_63a4aa0cbe.jpg,bees,train
./train/bees/2710368626_cb42882dc8.jpg,bees,train
./train/bees/2486729079_62df0920be.jpg,bees,train
./train/bees/2822388965_f6dca2a275.jpg,bees,train
./train/bees/452462695_40a4e5b559.jpg,bees,train
./train/bees/39747887_42df2855ee.jpg,bees,train
./train/bees/39672681_1302d204d1.jpg,bees,train
./train/bees/196430254_46bd129ae7.jpg,bees,train
./train/bees/2908916142_a7ac8b57a8.jpg,bees,train
./train/bees/3006264892_30e9cced70.jpg,bees,train
./train/bees/98391118_bdb1e80cce.jpg,bees,train
./train/bees/2861002136_52c7c6f708.jpg,bees,train
./train/bees/29494643_e3410f0d37.jpg,bees,train
./train/bees/266644509_d30bb16a1b.jpg,bees,train
./train/bees/2722592222_258d473e17.jpg,bees,train
./train/bees/1093831624_fb5fbe2308.jpg,bees,train
./train/bees/522104315_5d3cb2758e.jpg,bees,train
./train/bees/2651621464_a2fa8722eb.jpg,bees,train
./train/bees/2683605182_9d2a0c66cf.jpg,bees,train
./train/bees/469333327_358ba8fe8a.jpg,bees,train
./train/bees/537309131_532bfa59ea.jpg,bees,train
./train/bees/2321139806_d73d899e66.jpg,bees,train
./train/bees/476347960_52edd72b06.jpg,bees,train
./train/bees/2477324698_3d4b1b1cab.jpg,bees,train
./train/bees/2728759455_ce9bb8cd7a.jpg,bees,train
./train/bees/2037437624_2d7bce461f.jpg,bees,train
./train/bees/421515404_e87569fd8b.jpg,bees,train
./train/bees/85112639_6e860b0469.jpg,bees,train
./train/bees/359928878_b3b418c728.jpg,bees,train
./train/bees/969455125_58c797ef17.jpg,bees,train
./train/bees/2528444139_fa728b0f5b.jpg,bees,train
./train/bees/2053200300_8911ef438a.jpg,bees,train
./train/bees/513545352_fd3e7c7c5d.jpg,bees,train
./train/bees/3090975720_71f12e6de4.jpg,bees,train
./train/bees/2617161745_fa3ebe85b4.jpg,bees,train
./train/bees/472288710_2abee16fa0.jpg,bees,train
./train/bees/154600396_53e1252e52.jpg,bees,train
./train/bees/1092977343_cb42b38d62.jpg,bees,train
./train/bees/2364597044_3c3e3fc391.jpg,bees,train
./train/bees/174142798_e5ad6d76e0.jpg,bees,train
./train/bees/1295655112_7813f37d21.jpg,bees,train
./train/bees/95238259_98470c5b10.jpg,bees,train
./train/bees/17209602_fe5a5a746f.jpg,bees,train
./train/bees/21399619_3e61e5bb6f.jpg,bees,train
./train/bees/2781170484_5d61835d63.jpg,bees,train
./train/bees/354167719_22dca13752.jpg,bees,train
./train/bees/2227611847_ec72d40403.jpg,bees,train
./train/bees/2405441001_b06c36fa72.jpg,bees,train
./train/bees/446296270_d9e8b93ecf.jpg,bees,train
./train/bees/586041248_3032e277a9.jpg,bees,train
./train/bees/478701318_bbd5e557b8.jpg,bees,train
./train/bees/760526046_547e8b381f.jpg,bees,train
./train/bees/2601176055_8464e6aa71.jpg,bees,train
./train/bees/2467959963_a7831e9ff0.jpg,bees,train
./train/bees/2756397428_1d82a08807.jpg,bees,train
./train/bees/36900412_92b81831ad.jpg,bees,train
./train/bees/208702903_42fb4d9748.jpg,bees,train
./train/bees/2962405283_22718d9617.jpg,bees,train
./train/bees/3079610310_ac2d0ae7bc.jpg,bees,train
./train/bees/1508176360_2972117c9d.jpg,bees,train
./train/bees/2580598377_a4caecdb54.jpg,bees,train
./train/bees/3030772428_8578335616.jpg,bees,train
./train/bees/465133211_80e0c27f60.jpg,bees,train
./train/bees/2625499656_e3415e374d.jpg,bees,train
./train/bees/2551813042_8a070aeb2b.jpg,bees,train
./train/bees/2486746709_c43cec0e42.jpg,bees,train
./train/bees/3100226504_c0d4f1e3f1.jpg,bees,train
./train/bees/3030189811_01d095b793.jpg,bees,train
./train/bees/2445215254_51698ff797.jpg,bees,train
./train/bees/2652877533_a564830cbf.jpg,bees,train
./train/bees/90179376_abc234e5f4.jpg,bees,train
./train/bees/198508668_97d818b6c4.jpg,bees,train
./train/bees/2493379287_4100e1dacc.jpg,bees,train
./train/bees/92663402_37f379e57a.jpg,bees,train
./train/bees/1232245714_f862fbe385.jpg,bees,train
./train/bees/452462677_7be43af8ff.jpg,bees,train
./train/bees/2707440199_cd170bd512.jpg,bees,train
./train/bees/365759866_b15700c59b.jpg,bees,train
./train/bees/2384149906_2cd8b0b699.jpg,bees,train
./train/bees/457457145_5f86eb7e9c.jpg,bees,train
./train/bees/129236073_0985e91c7d.jpg,bees,train
./train/bees/507288830_f46e8d4cb2.jpg,bees,train
./train/bees/2959730355_416a18c63c.jpg,bees,train
./train/bees/1807583459_4fe92b3133.jpg,bees,train
./train/bees/2704348794_eb5d5178c2.jpg,bees,train
./train/bees/2470492904_837e97800d.jpg,bees,train
./train/bees/2452236943_255bfd9e58.jpg,bees,train
./train/bees/2495722465_879acf9d85.jpg,bees,train
./train/ants/1660097129_384bf54490.jpg,ants,train
./train/ants/9715481_b3cb4114ff.jpg,ants,train
./train/ants/45472593_bfd624f8dc.jpg,ants,train
./train/ants/1269756697_0bce92cdab.jpg,ants,train
./train/ants/188552436_605cc9b36b.jpg,ants,train
./train/ants/2278278459_6b99605e50.jpg,ants,train
./train/ants/6743948_2b8c096dda.jpg,ants,train
./train/ants/Nepenthes_rafflesiana_ant.jpg,ants,train
./train/ants/hormiga_co_por.jpg,ants,train
./train/ants/707895295_009cf23188.jpg,ants,train
./train/ants/Ant_1.jpg,ants,train
./train/ants/2019439677_2db655d361.jpg,ants,train
./train/ants/154124431_65460430f2.jpg,ants,train
./train/ants/1099452230_d1949d3250.jpg,ants,train
./train/ants/1924473702_daa9aacdbe.jpg,ants,train
./train/ants/512164029_c0a66b8498.jpg,ants,train
./train/ants/662541407_ff8db781e7.jpg,ants,train
./train/ants/795000156_a9900a4a71.jpg,ants,train
./train/ants/1360291657_dc248c5eea.jpg,ants,train
./train/ants/trap-jaw-ant-insect-bg.jpg,ants,train
./train/ants/522163566_fec115ca66.jpg,ants,train
./train/ants/150801171_cd86f17ed8.jpg,ants,train
./train/ants/484293231_e53cfc0c89.jpg,ants,train
./train/ants/1030023514_aad5c608f9.jpg,ants,train
./train/ants/1489674356_09d48dde0a.jpg,ants,train
./train/ants/ant photos.jpg,ants,train
./train/ants/148715752_302c84f5a4.jpg,ants,train
./train/ants/201790779_527f4c0168.jpg,ants,train
./train/ants/1808777855_2a895621d7.jpg,ants,train
./train/ants/518773929_734dbc5ff4.jpg,ants,train
./train/ants/MehdiabadiAnt2_600.jpg,ants,train
./train/ants/5650366_e22b7e1065.jpg,ants,train
./train/ants/224655713_3956f7d39a.jpg,ants,train
./train/ants/424873399_47658a91fb.jpg,ants,train
./train/ants/kurokusa.jpg,ants,train
./train/ants/424119020_6d57481dab.jpg,ants,train
./train/ants/541630764_dbd285d63c.jpg,ants,train
./train/ants/201558278_fe4caecc76.jpg,ants,train
./train/ants/196757565_326437f5fe.jpg,ants,train
./train/ants/384191229_5779cf591b.jpg,ants,train
./train/ants/531979952_bde12b3bc0.jpg,ants,train
./train/ants/VietnameseAntMimicSpider.jpg,ants,train
./train/ants/474806473_ca6caab245.jpg,ants,train
./train/ants/24335309_c5ea483bb8.jpg,ants,train
./train/ants/termite-vs-ant.jpg,ants,train
./train/ants/459694881_ac657d3187.jpg,ants,train
./train/ants/392382602_1b7bed32fa.jpg,ants,train
./train/ants/245647475_9523dfd13e.jpg,ants,train
./train/ants/132478121_2a430adea2.jpg,ants,train
./train/ants/258217966_d9d90d18d3.jpg,ants,train
./train/ants/998118368_6ac1d91f81.jpg,ants,train
./train/ants/543417860_b14237f569.jpg,ants,train
./train/ants/1693954099_46d4c20605.jpg,ants,train
./train/ants/207947948_3ab29d7207.jpg,ants,train
./train/ants/150801003_3390b73135.jpg,ants,train
./train/ants/1473187633_63ccaacea6.jpg,ants,train
./train/ants/1804095607_0341701e1c.jpg,ants,train
./train/ants/0013035.jpg,ants,train
./train/ants/82852639_52b7f7f5e3.jpg,ants,train
./train/ants/318052216_84dff3f98a.jpg,ants,train
./train/ants/533848102_70a85ad6dd.jpg,ants,train
./train/ants/512863248_43c8ce579b.jpg,ants,train
./train/ants/7759525_1363d24e88.jpg,ants,train
./train/ants/196057951_63bf063b92.jpg,ants,train
./train/ants/466430434_4000737de9.jpg,ants,train
./train/ants/67270775_e9fdf77e9d.jpg,ants,train
./train/ants/386190770_672743c9a7.jpg,ants,train
./train/ants/460874319_0a45ab4d05.jpg,ants,train
./train/ants/560966032_988f4d7bc4.jpg,ants,train
./train/ants/460372577_f2f6a8c9fc.jpg,ants,train
./train/ants/892108839_f1aad4ca46.jpg,ants,train
./train/ants/403746349_71384f5b58.jpg,ants,train
./train/ants/408393566_b5b694119b.jpg,ants,train
./train/ants/149244013_c529578289.jpg,ants,train
./train/ants/649026570_e58656104b.jpg,ants,train
./train/ants/116570827_e9c126745d.jpg,ants,train
./train/ants/535522953_308353a07c.jpg,ants,train
./train/ants/162603798_40b51f1654.jpg,ants,train
./train/ants/255434217_1b2b3fe0a4.jpg,ants,train
./train/ants/522415432_2218f34bf8.jpg,ants,train
./train/ants/334167043_cbd1adaeb9.jpg,ants,train
./train/ants/470127037_513711fd21.jpg,ants,train
./train/ants/69639610_95e0de17aa.jpg,ants,train
./train/ants/2288450226_a6e96e8fdf.jpg,ants,train
./train/ants/822537660_caf4ba5514.jpg,ants,train
./train/ants/2288481644_83ff7e4572.jpg,ants,train
./train/ants/swiss-army-ant.jpg,ants,train
./train/ants/275429470_b2d7d9290b.jpg,ants,train
./train/ants/2265824718_2c96f485da.jpg,ants,train
./train/ants/1368913450_e146e2fb6d.jpg,ants,train
./train/ants/339670531_94b75ae47a.jpg,ants,train
./train/ants/army-ants-red-picture.jpg,ants,train
./train/ants/684133190_35b62c0c1d.jpg,ants,train
./train/ants/6240329_72c01e663e.jpg,ants,train
./train/ants/2265825502_fff99cfd2d.jpg,ants,train
./train/ants/175998972.jpg,ants,train
./train/ants/28847243_e79fe052cd.jpg,ants,train
./train/ants/506249836_717b73f540.jpg,ants,train
./train/ants/1917341202_d00a7f9af5.jpg,ants,train
./train/ants/167890289_dd5ba923f3.jpg,ants,train
./train/ants/1095476100_3906d8afde.jpg,ants,train
./train/ants/506249802_207cd979b4.jpg,ants,train
./train/ants/450057712_771b3bfc91.jpg,ants,train
./train/ants/226951206_d6bf946504.jpg,ants,train
./train/ants/1225872729_6f0856588f.jpg,ants,train
./train/ants/475961153_b8c13fd405.jpg,ants,train
./train/ants/342438950_a3da61deab.jpg,ants,train
./train/ants/540889389_48bb588b21.jpg,ants,train
./train/ants/957233405_25c1d1187b.jpg,ants,train
./train/ants/20935278_9190345f6b.jpg,ants,train
./train/ants/886401651_f878e888cd.jpg,ants,train
./train/ants/178538489_bec7649292.jpg,ants,train
./train/ants/1286984635_5119e80de1.jpg,ants,train
./train/ants/382971067_0bfd33afe0.jpg,ants,train
./train/ants/374435068_7eee412ec4.jpg,ants,train
./train/ants/1262877379_64fcada201.jpg,ants,train
./train/ants/2292213964_ca51ce4bef.jpg,ants,train
./train/ants/841049277_b28e58ad05.jpg,ants,train
./train/ants/formica.jpeg,ants,train
./train/ants/36439863_0bec9f554f.jpg,ants,train
./train/ants/938946700_ca1c669085.jpg,ants,train
./train/ants/49375974_e28ba6f17e.jpg,ants,train
./train/ants/6240338_93729615ec.jpg,ants,train
./val/bees/2407809945_fb525ef54d.jpg,bees,val
./val/bees/2670536155_c170f49cd0.jpg,bees,val
./val/bees/57459255_752774f1b2.jpg,bees,val
./val/bees/2685605303_9eed79d59d.jpg,bees,val
./val/bees/44105569_16720a960c.jpg,bees,val
./val/bees/586474709_ae436da045.jpg,bees,val
./val/bees/151603988_2c6f7d14c7.jpg,bees,val
./val/bees/1297972485_33266a18d9.jpg,bees,val
./val/bees/350436573_41f4ecb6c8.jpg,bees,val
./val/bees/59798110_2b6a3c8031.jpg,bees,val
./val/bees/456097971_860949c4fc.jpg,bees,val
./val/bees/2741763055_9a7bb00802.jpg,bees,val
./val/bees/72100438_73de9f17af.jpg,bees,val
./val/bees/215512424_687e1e0821.jpg,bees,val
./val/bees/2321144482_f3785ba7b2.jpg,bees,val
./val/bees/3077452620_548c79fda0.jpg,bees,val
./val/bees/296565463_d07a7bed96.jpg,bees,val
./val/bees/220376539_20567395d8.jpg,bees,val
./val/bees/464594019_1b24a28bb1.jpg,bees,val
./val/bees/2751836205_6f7b5eff30.jpg,bees,val
./val/bees/603709866_a97c7cfc72.jpg,bees,val
./val/bees/759745145_e8bc776ec8.jpg,bees,val
./val/bees/372228424_16da1f8884.jpg,bees,val
./val/bees/224841383_d050f5f510.jpg,bees,val
./val/bees/2809496124_5f25b5946a.jpg,bees,val
./val/bees/353266603_d3eac7e9a0.jpg,bees,val
./val/bees/2883093452_7e3a1eb53f.jpg,bees,val
./val/bees/290082189_f66cb80bfc.jpg,bees,val
./val/bees/1355974687_1341c1face.jpg,bees,val
./val/bees/590318879_68cf112861.jpg,bees,val
./val/bees/2438480600_40a1249879.jpg,bees,val
./val/bees/2509402554_31821cb0b6.jpg,bees,val
./val/bees/2668391343_45e272cd07.jpg,bees,val
./val/bees/151594775_ee7dc17b60.jpg,bees,val
./val/bees/2717418782_bd83307d9f.jpg,bees,val
./val/bees/26589803_5ba7000313.jpg,bees,val
./val/bees/1181173278_23c36fac71.jpg,bees,val
./val/bees/1486120850_490388f84b.jpg,bees,val
./val/bees/54736755_c057723f64.jpg,bees,val
./val/bees/485743562_d8cc6b8f73.jpg,bees,val
./val/bees/2444778727_4b781ac424.jpg,bees,val
./val/bees/2060668999_e11edb10d0.jpg,bees,val
./val/bees/203868383_0fcbb48278.jpg,bees,val
./val/bees/540976476_844950623f.jpg,bees,val
./val/bees/2415414155_1916f03b42.jpg,bees,val
./val/bees/2457841282_7867f16639.jpg,bees,val
./val/bees/348291597_ee836fbb1a.jpg,bees,val
./val/bees/181171681_c5a1a82ded.jpg,bees,val
./val/bees/1799729694_0c40101071.jpg,bees,val
./val/bees/2103637821_8d26ee6b90.jpg,bees,val
./val/bees/2501530886_e20952b97d.jpg,bees,val
./val/bees/2470492902_3572c90f75.jpg,bees,val
./val/bees/2525379273_dcb26a516d.jpg,bees,val
./val/bees/2104135106_a65eede1de.jpg,bees,val
./val/bees/238161922_55fa9a76ae.jpg,bees,val
./val/bees/603711658_4c8cd2201e.jpg,bees,val
./val/bees/2173503984_9c6aaaa7e2.jpg,bees,val
./val/bees/2782079948_8d4e94a826.jpg,bees,val
./val/bees/152789693_220b003452.jpg,bees,val
./val/bees/936182217_c4caa5222d.jpg,bees,val
./val/bees/2841437312_789699c740.jpg,bees,val
./val/bees/6a00d8341c630a53ef00e553d0beb18834-800wi.jpg,bees,val
./val/bees/144098310_a4176fd54d.jpg,bees,val
./val/bees/abeja.jpg,bees,val
./val/bees/2506114833_90a41c5267.jpg,bees,val
./val/bees/400262091_701c00031c.jpg,bees,val
./val/bees/10870992_eebeeb3a12.jpg,bees,val
./val/bees/1519368889_4270261ee3.jpg,bees,val
./val/bees/1032546534_06907fe3b3.jpg,bees,val
./val/bees/149973093_da3c446268.jpg,bees,val
./val/bees/187130242_4593a4c610.jpg,bees,val
./val/bees/2709775832_85b4b50a57.jpg,bees,val
./val/bees/576452297_897023f002.jpg,bees,val
./val/bees/2745389517_250a397f31.jpg,bees,val
./val/bees/272986700_d4d4bf8c4b.jpg,bees,val
./val/bees/2815838190_0a9889d995.jpg,bees,val
./val/bees/1328423762_f7a88a8451.jpg,bees,val
./val/bees/2478216347_535c8fe6d7.jpg,bees,val
./val/bees/177677657_a38c97e572.jpg,bees,val
./val/bees/416144384_961c326481.jpg,bees,val
./val/bees/2086294791_6f3789d8a6.jpg,bees,val
./val/bees/65038344_52a45d090d.jpg,bees,val
./val/bees/2702408468_d9ed795f4f.jpg,bees,val
./val/ants/119785936_dd428e40c3.jpg,ants,val
./val/ants/10308379_1b6c72e180.jpg,ants,val
./val/ants/488272201_c5aa281348.jpg,ants,val
./val/ants/1337725712_2eb53cd742.jpg,ants,val
./val/ants/Ant-1818.jpg,ants,val
./val/ants/445356866_6cb3289067.jpg,ants,val
./val/ants/161292361_c16e0bf57a.jpg,ants,val
./val/ants/159515240_d5981e20d1.jpg,ants,val
./val/ants/319494379_648fb5a1c6.jpg,ants,val
./val/ants/F.pergan.28(f).jpg,ants,val
./val/ants/518746016_bcc28f8b5b.jpg,ants,val
./val/ants/desert_ant.jpg,ants,val
./val/ants/152286280_411648ec27.jpg,ants,val
./val/ants/1073564163_225a64f170.jpg,ants,val
./val/ants/161076144_124db762d6.jpg,ants,val
./val/ants/2211974567_ee4606b493.jpg,ants,val
./val/ants/470127071_8b8ee2bd74.jpg,ants,val
./val/ants/477437164_bc3e6e594a.jpg,ants,val
./val/ants/2219621907_47bc7cc6b0.jpg,ants,val
./val/ants/170652283_ecdaff5d1a.jpg,ants,val
./val/ants/17081114_79b9a27724.jpg,ants,val
./val/ants/181942028_961261ef48.jpg,ants,val
./val/ants/205398178_c395c5e460.jpg,ants,val
./val/ants/1124525276_816a07c17f.jpg,ants,val
./val/ants/Hormiga.jpg,ants,val
./val/ants/94999827_36895faade.jpg,ants,val
./val/ants/263615709_cfb28f6b8e.jpg,ants,val
./val/ants/502717153_3e4865621a.jpg,ants,val
./val/ants/412436937_4c2378efc2.jpg,ants,val
./val/ants/35558229_1fa4608a7a.jpg,ants,val
./val/ants/2238242353_52c82441df.jpg,ants,val
./val/ants/1440002809_b268d9a66a.jpg,ants,val
./val/ants/892676922_4ab37dce07.jpg,ants,val
./val/ants/153320619_2aeb5fa0ee.jpg,ants,val
./val/ants/2191997003_379df31291.jpg,ants,val
./val/ants/1743840368_b5ccda82b7.jpg,ants,val
./val/ants/208072188_f293096296.jpg,ants,val
./val/ants/1358854066_5ad8015f7f.jpg,ants,val
./val/ants/209615353_eeb38ba204.jpg,ants,val
./val/ants/172772109_d0a8e15fb0.jpg,ants,val
./val/ants/308196310_1db5ffa01b.jpg,ants,val
./val/ants/2104709400_8831b4fc6f.jpg,ants,val
./val/ants/11381045_b352a47d8c.jpg,ants,val
./val/ants/153783656_85f9c3ac70.jpg,ants,val
./val/ants/1262751255_c56c042b7b.jpg,ants,val
./val/ants/239161491_86ac23b0a3.jpg,ants,val
./val/ants/8124241_36b290d372.jpg,ants,val
./val/ants/2039585088_c6f47c592e.jpg,ants,val
./val/ants/649407494_9b6bc4949f.jpg,ants,val
./val/ants/212100470_b485e7b7b9.jpg,ants,val
./val/ants/2255445811_dabcdf7258.jpg,ants,val
./val/ants/436944325_d4925a38c7.jpg,ants,val
./val/ants/157401988_d0564a9d02.jpg,ants,val
./val/ants/147542264_79506478c2.jpg,ants,val
./val/ants/573151833_ebbc274b77.jpg,ants,val
./val/ants/768870506_8f115d3d37.jpg,ants,val
./val/ants/854534770_31f6156383.jpg,ants,val
./val/ants/459442412_412fecf3fe.jpg,ants,val
./val/ants/751649788_78dd7d16ce.jpg,ants,val
./val/ants/8398478_50ef10c47a.jpg,ants,val
./val/ants/183260961_64ab754c97.jpg,ants,val
./val/ants/540543309_ddbb193ee5.jpg,ants,val
./val/ants/1119630822_cd325ea21a.jpg,ants,val
./val/ants/1247887232_edcb61246c.jpg,ants,val
./val/ants/57264437_a19006872f.jpg,ants,val
./val/ants/1053149811_f62a3410d3.jpg,ants,val
./val/ants/800px-Meat_eater_ant_qeen_excavating_hole.jpg,ants,val
./val/ants/562589509_7e55469b97.jpg,ants,val
./val/ants/ants-devouring-remains-of-large-dead-insect-on-red-tile-in-Stellenbosch-South-Africa-closeup-1-DHD.jpg,ants,val
./val/ants/2127908701_d49dc83c97.jpg,ants,val
