feat_1,feat_2,RFClassifier_predict_class,RFClassifier_predict_proba_0,RFClassifier_predict_proba_1,RFClassifier_predict_proba_2,RFClassifier_predict_proba_3
0.6445111,0.0139017,0.1,0,0.4,0.5,3
0.5356719,0.0269841,0.7,0.2,0,0.1,0
0.4905562,0.006347,0.2,0.1,0.6,0.1,2
0.7070889,0.0401339,0.2,0.3,0,0.5,3
0.6142535,0.0401831,0.1,0,0.3,0.6,3
0.5381673,0.0196055,0.3,0.5,0.1,0.1,1
0.4515076,0.0079024,0,0.1,0.1,0.8,3
0.7072648,0.0258740999999999,0.2,0.1,0.3,0.4,3
0.6386986,0.0268813,0.1,0.2,0.1,0.6,3
0.5669358,0.0244548,0.2,0.4,0.3,0.1,1
0.466718,0.0456006,0.5,0.3,0.2,0,0
0.7005346,0.0499716,0.5,0.5,0,0,0
0.6231839,0.0400531,0.5,0,0.2,0.3,0
0.5779333999999999,0.0088392999999999,0.3,0.3,0.1,0.3,0
0.4654569999999999,0.0077200999999999,0,0.7,0.3,0,1
0.7204888,0.0454041,0.3,0.5,0,0.2,1
0.6326170999999999,0.039151,0,0.5,0.3,0.2,1
0.5537761,0.0178544999999999,0.4,0.2,0.2,0.2,0
0.4961569,0.048093,0.3,0.4,0.1,0.2,1
0.6871931,0.0116755,0.3,0,0.2,0.5,3
0.6145609000000001,0.0393467,0,0.4,0.3,0.3,1
0.5308273,0.0127619,0.8,0,0.1,0.1,0
0.457227,0.0459526,0,0.2,0.6,0.2,2
0.7186630999999999,0.0259409,0.5,0,0.4,0.1,0
0.652626,0.045134,0.9,0,0,0.1,0
0.5397147,0.0202614,0.3,0.4,0.2,0.1,1
0.4959471,0.0087275,0.3,0.5,0.1,0.1,1
0.7251393,0.0351056,0.1,0.2,0.4,0.3,2
0.6215607,0.0084387,0.1,0.7,0,0.2,1
0.5600695,0.0361897,0.2,0,0.3,0.5,3
0.4912751,0.0061863,0.2,0.1,0.6,0.1,2
0.7140124,0.0082223999999999,0.1,0.5,0.2,0.2,1
0.6084732,0.0272279,0,0.4,0.2,0.4,1
0.5337960999999999,0.0142622,0.3,0.1,0,0.6,3
0.4605755999999999,0.0403327,0.7,0.2,0.1,0,0
0.711829,0.0093298,0.1,0.2,0.5,0.2,2
0.6134357,0.0439972,0.2,0.2,0.5,0.1,2
0.5606873,0.0116186,0.5,0.2,0.1,0.2,0
0.4812762,0.0217129,0,0.5,0,0.5,1
0.7284816,0.0345494,0.4,0.3,0.3,0,0
0.6396845,0.0116272,0.7,0,0.2,0.1,0
0.578429,0.0032503,0.4,0.3,0.2,0.1,0
0.4727055999999999,0.0308668,0,0,0.1,0.9,3
0.7003935,0.00905,0.4,0.3,0.2,0.1,0
0.6600486,0.0122301,0.4,0.1,0.3,0.2,0
0.5674456,0.0291630999999999,0.3,0.4,0.2,0.1,1
0.4690903,0.0418594,0,0.7,0.3,0,1
0.7135326,0.0492902,0.8,0.1,0.1,0,0
0.623713,0.0103167,0.2,0.6,0.2,0,1
0.5567243000000001,0.0163191,0,0.2,0.7,0.1,2
0.5038395,0.0358741,0.3,0,0.5,0.2,2
0.7284070999999999,0.0291723999999999,0.3,0.3,0.2,0.2,0
0.6469238,0.0008015999999999,0,0,0,1,3
0.5694258000000001,0.0357634,0.1,0.2,0.4,0.3,2
0.4712579,0.0116452,0.3,0,0.5,0.2,2
0.7281999999999998,0.0326181,0.5,0.3,0.2,0,0
0.6195793,0.0119201,0,0,0.9,0.1,2
0.5525343,0.0328412,0,0.5,0.4,0.1,1
0.4687907,0.0146715,0.2,0.2,0.3,0.3,2
0.7378184,0.037514,0,0,0.5,0.5,2
0.621586,0.0150381,0.1,0.3,0.5,0.1,2
0.5571718000000001,0.0214987,0.1,0.5,0.1,0.3,1
0.4675036,0.0267304,0.3,0.6,0.1,0,1
0.696631,0.0011223,0.3,0.2,0.2,0.3,0
0.6472396,0.0020304,0.4,0.5,0,0.1,1
0.5448198000000001,0.0243815999999999,0,0.1,0.9,0,2
0.4745690999999999,0.036003,0.1,0.6,0.1,0.2,1
0.6963888,0.0218252,0.4,0.2,0.1,0.3,0
0.6181906,0.0027318,0.6,0.3,0,0.1,0
0.5490837,0.034341,0.4,0.1,0,0.5,3
0.5049144,0.0234488,0.4,0.1,0,0.5,3
0.6975678000000001,0.0119008,0.1,0.2,0.6,0.1,2
0.6335725999999999,0.0150889999999999,0.3,0.3,0.1,0.3,0
0.5649647,0.0422035,0.1,0.5,0.2,0.2,1
0.4951314999999999,0.0063535,0.4,0.1,0.4,0.1,0
0.7365524,0.0237567,0.2,0.5,0.2,0.1,1
0.6283179,0.0015184,0,0.6,0.4,0,1
0.5824045999999999,0.0460423,0.8,0.1,0.1,0,0
0.5095795,0.0455154,0.1,0.1,0.4,0.4,2
0.7439740999999999,0.0235765,0.4,0.3,0.2,0.1,0
0.6449833,0.0411954,0.7,0.3,0,0,0
0.5911418,0.0491842,0.2,0.1,0.1,0.6,3
0.5068441,0.0336386999999999,0,0.3,0.2,0.5,3
0.7379325,0.0176889,0.4,0.1,0.3,0.2,0
0.6442287,0.0276221,0,0.2,0.2,0.6,3
0.5887816,0.0019623,0.3,0.2,0.4,0.1,2
0.5045269,0.0480082,0.1,0.4,0,0.5,3
0.6971781,0.0305048,0.3,0.4,0.3,0,1
0.6309824,0.0293311,0,0.5,0.2,0.3,1
0.5969541,0.0256281999999999,0.3,0.2,0.5,0,2
0.5184217999999999,0.0241687,0.5,0,0.1,0.4,0
0.7428899999999999,0.0232435999999999,0.6,0.1,0.1,0.2,0
0.6372304,0.0085367999999999,0.7,0.2,0,0.1,0
0.5838131,0.0445,0.2,0.1,0.6,0.1,2
0.4818734,0.0227764,0.1,0.2,0.2,0.5,3
0.7121187,0.0228668,0.1,0.3,0.4,0.2,2
0.6272145,0.0221916,0.2,0.4,0,0.4,1
0.5748432,0.0332101999999999,0.4,0.5,0,0.1,1
0.4884047,0.0388968,0,0.6,0.2,0.2,1
0.7274079000000001,0.0051848,0.1,0.5,0.3,0.1,1
0.6517423999999999,0.049189,0.3,0.1,0.4,0.2,2
0.5730141,0.040663,0.2,0.1,0.5,0.2,2
0.4826071,0.016359,0,0.2,0.3,0.5,3
0.7345045,0.0336621999999999,0.1,0.2,0.5,0.2,2
0.641293,0.0004336,0.8,0.1,0.1,0,0
0.5613625,0.0430955,0.1,0.2,0.4,0.3,2
0.5107265000000001,0.0039736,0.2,0.3,0.5,0,2
0.7358013000000001,0.0088047,0.7,0.2,0,0.1,0
0.6318348000000001,0.0200442,0.3,0.5,0.2,0,1
0.5720121,0.0386286999999999,0.3,0.2,0.3,0.2,0
0.4825019,0.0293324999999999,0.4,0.2,0.2,0.2,0
0.714309,0.0315603,0.2,0.1,0.2,0.5,3
0.6425512,0.0176030999999999,0.2,0.2,0.1,0.5,3
0.5976511999999999,0.0316677,0.1,0.4,0.2,0.3,1
0.5087463,0.0160114,0.6,0.2,0.1,0.1,0
0.7125085999999999,0.0333745,0.2,0.2,0.1,0.5,3
0.6339047,0.037571,0.3,0,0.5,0.2,2
0.5666661,0.0279089999999999,0.2,0.1,0.3,0.4,3
0.5191909,0.0443461,0,0.5,0.1,0.4,1
0.7446501999999999,0.0055588,0,0,0.7,0.3,2
0.6637778,0.01649,0.8,0.2,0,0,0
0.5905758000000001,0.009233,0.4,0.2,0.3,0.1,0
0.5099178,0.0225243,0.2,0.4,0.1,0.3,1
0.7082683000000001,0.0369449,0.6,0.1,0.1,0.2,0
0.6397691,0.0006083999999999,0.4,0.2,0.4,0,0
0.5716121999999999,0.0476716,0,0,0.3,0.7,3
0.4857605,0.038936,0.1,0.3,0.5,0.1,2
0.7171348000000001,0.0116727999999999,0.3,0.3,0.1,0.3,0
0.6586944,0.0313345,0.4,0,0.5,0.1,2
0.6054177,0.017744,0.2,0.3,0.3,0.2,1
0.5019153000000001,0.040691,0.1,0.4,0.2,0.3,1
0.7385583,0.0063811,0.5,0.1,0.3,0.1,0
0.6698448,0.0274942,0.4,0.1,0,0.5,3
0.6073303000000001,0.0108211,0.1,0.1,0.5,0.3,2
0.5009104,0.0333203,0,0.2,0.5,0.3,2
0.7217725,0.0061046999999999,0,0.2,0.7,0.1,2
0.6487329000000001,0.0274239,0.5,0.1,0.2,0.2,0
0.5883986999999999,0.0466722,0.1,0.1,0.2,0.6,3
0.4881377,0.0266027,0.6,0.1,0.1,0.2,0
0.7447709999999998,0.0284839,0,0.2,0.7,0.1,2
0.6394966,0.0160298,0.8,0,0,0.2,0
0.583707,0.0417849,0.2,0.2,0,0.6,3
0.4879692,0.0393236,0.1,0.1,0.4,0.4,2
0.7265865999999999,0.0334976,0,0,0.9,0.1,2
0.6769328,0.0245903,0.3,0.5,0.2,0,1
0.6088015,0.0305731,0.9,0,0.1,0,0
0.5355063,0.0482431,0,0.6,0.4,0,1
0.7427845999999999,0.0167102,0.2,0.1,0.2,0.5,3
0.6749364000000001,0.0162774,0.6,0.2,0,0.2,0
0.5977069,0.0053249,0.2,0.4,0.2,0.2,1
0.5365977,0.0447734,0.1,0.4,0.2,0.3,1
0.7309578,0.0017811,0.7,0.2,0,0.1,0
0.6808724,0.0005449,0.2,0.2,0,0.6,3
0.5878836999999999,0.0203335,0.5,0.5,0,0,0
0.507255,0.0077248,0,0.3,0.1,0.6,3
0.7407443999999999,0.029896,0.2,0,0.1,0.7,3
0.6866711,0.0350929,0.2,0.1,0.5,0.2,2
0.5722343000000001,0.0007847,0.6,0.1,0.2,0.1,0
0.5211503,0.0427418,0.4,0.1,0.1,0.4,0
0.7322228,0.0421653,0.3,0,0.6,0.1,2
0.6480352,0.0225494,0.3,0.4,0.2,0.1,1
0.5837826999999999,0.0462116,0.2,0.2,0.5,0.1,2
0.5354331999999999,0.0085051,0,0.4,0.5,0.1,2
0.7458621999999999,0.0354825,0.7,0,0.1,0.2,0
0.6673927,0.0061656,0.2,0,0.6,0.2,2
0.5988087,0.0356741999999999,0.2,0.6,0.2,0,1
0.5035584,0.020045,0.6,0,0.2,0.2,0
0.733846,0.0480877,0.2,0.3,0.1,0.4,3
0.6785001,0.0493959,0.5,0.2,0.1,0.2,0
0.6164276,0.0361084,0.3,0.6,0.1,0,1
0.521058,0.0294707,0,0.6,0.1,0.3,1
0.7546537,0.0363179,0,0.2,0.5,0.3,2
0.6639781,0.0319963,0.6,0.1,0.1,0.2,0
0.6043086999999999,0.0230081,0.1,0.8,0,0.1,1
0.5194101999999999,0.0021631,0,0.1,0.1,0.8,3
0.7522123000000001,0.0231889,0.6,0,0.4,0,0
0.6591911,0.046206,0.1,0.1,0.1,0.7,3
0.5929853,0.0220228,0.4,0.2,0.1,0.3,0
0.5012652,0.0092973999999999,0.4,0.1,0,0.5,3
0.7270119,0.0390682,0.4,0,0.2,0.4,0
0.6552184,0.0393763,0.2,0,0.4,0.4,2
0.5776444000000001,0.0111355,1,0,0,0,0
0.5149729000000001,0.0378976,0.4,0.2,0.3,0.1,0
0.7237943,0.0485863,0.2,0.2,0.3,0.3,2
0.6563581,0.0065201999999999,0.6,0,0.1,0.3,0
0.5740689999999999,0.0039663,0,0.2,0.6,0.2,2
0.5306981,0.015433,0.3,0.3,0.3,0.1,0
0.7320885,0.0304487,0,0.4,0.5,0.1,2
0.6523553000000001,0.0233706999999999,0.6,0,0.1,0.3,0
0.5767953,0.0039294,0,0.6,0.3,0.1,1
0.5371918999999999,0.0030732,0.5,0.2,0.3,0,0
0.730217,0.0029515,0,0.7,0.2,0.1,1
0.6681807,0.0221099,0.3,0.4,0,0.3,1
0.6166864000000001,0.0008292,0.6,0,0.3,0.1,0
0.519976,0.0008937,0.1,0.4,0.3,0.2,1
0.7725390999999999,0.0039212,0.3,0.2,0.5,0,2
0.6782274,0.0135795,0,0,0.3,0.7,3
0.6106383000000001,0.0109427999999999,0.2,0.4,0.1,0.3,1
0.5456909000000001,0.0051326,0.5,0.1,0.2,0.2,0
0.7665361999999999,0.0329593,0.1,0.9,0,0,1
0.6723220999999999,0.0146496,0.2,0,0.5,0.3,2
0.5997388000000001,0.0197995999999999,0,0.1,0.8,0.1,2
0.5419543000000001,0.0320542,0.4,0.1,0.1,0.4,0
0.7412075,0.0015739,0.8,0,0,0.2,0
0.6664061,0.0431444,0,0.5,0.2,0.3,1
0.6145951,0.0049694,0.3,0.2,0.2,0.3,0
0.5089104,0.0030946,0.4,0.4,0.2,0,0
0.7584543999999999,0.0085053,0.1,0.1,0.2,0.6,3
0.6965964,0.03263,0.1,0.4,0.4,0.1,1
0.5916558000000001,0.0443849,0.5,0.1,0.1,0.3,0
0.511289,0.0406984,0.1,0.4,0.3,0.2,1
0.7721177999999999,0.0133087,0.3,0,0.7,0,2
0.6648488,0.0427659,0.5,0.2,0.2,0.1,0
0.6010694999999999,0.0242309,0.5,0.2,0.3,0,0
0.5288526,0.0379385999999999,0,0.2,0.3,0.5,3
0.7541368,0.0310580999999999,0.5,0.3,0.1,0.1,0
0.6858763000000001,0.0341681999999999,0.2,0.5,0,0.3,1
0.5820662,0.0468759,0,0,0.5,0.5,2
0.5078001,0.0145967,0.3,0.7,0,0,1
0.7604113,0.0315019,0.1,0.7,0.1,0.1,1
0.6705149,0.032671,0.8,0.2,0,0,0
0.6165634,0.0278234,0.1,0.7,0.2,0,1
0.5061935000000001,0.0448078,0.3,0,0.5,0.2,2
0.7395703999999999,0.0370383,0,0.3,0.5,0.2,2
0.6954945,0.02195,0.2,0.1,0.1,0.6,3
0.6185449000000001,0.048998,0.3,0,0.5,0.2,2
0.5529298,0.0073667,0.4,0.2,0,0.4,0
0.7333621,0.039962,0,0,0.5,0.5,2
0.6729406,0.011837,0.2,0.3,0.4,0.1,2
0.6151406,0.0133734,0,0.4,0.4,0.2,1
0.5173551,0.0473328,0.3,0.4,0.1,0.2,1
0.7456522,0.0361427,0.3,0.3,0,0.4,3
0.7056716,0.0226461,0.1,0.8,0.1,0,1
0.6141166,0.0190839,0.5,0.2,0.1,0.2,0
0.5458149,0.006977,0.7,0,0.2,0.1,0
0.7702139,0.0256755,0.3,0,0.4,0.3,2
0.6930236999999999,0.0236277,0,0.1,0.6,0.3,2
0.6101446999999999,0.0449055,0,0.7,0.1,0.2,1
0.5583244,0.0245215999999999,0.2,0.4,0.1,0.3,1
0.7800140999999999,0.0061983,0.3,0.3,0.4,0,2
0.6976563,0.0086456,0.5,0.2,0.2,0.1,0
0.6060448,0.0499993,0.7,0.1,0.1,0.1,0
0.5534472,0.0250262,0.2,0.2,0.6,0,2
0.7581934999999999,0.001739,0,0.2,0.2,0.6,3
0.7012076,0.0022361,0.3,0.1,0.2,0.4,3
0.6123279,0.0220292,0.5,0,0.2,0.3,0
0.5146979,0.0243192,0.4,0.2,0.3,0.1,0
0.7812137,0.0113929,0,0.3,0.7,0,2
0.7071244999999999,0.0252253,0.2,0.1,0.5,0.2,2
0.5984904999999999,0.0452759,0.1,0.2,0.3,0.4,3
0.5156213,0.0019686,0.2,0.7,0,0.1,1
0.7756462,0.0085001999999999,0.9,0,0.1,0,0
0.7021405,0.0304455999999999,0.2,0,0.7,0.1,2
0.6080269,0.0094999,0.7,0.2,0,0.1,0
0.5391,0.0122657,0.3,0.1,0.4,0.2,2
0.7649859999999999,0.0285563,0,0.8,0.2,0,1
0.6691835,0.0225582,0.5,0.4,0,0.1,0
0.6038644,0.0476112,0,0.7,0,0.3,1
0.5621326,0.0239112,0,0.6,0.4,0,1
0.7672604999999999,0.0209254,0,0.3,0.7,0,2
0.6989880999999999,0.03772,0.1,0.7,0.2,0,1
0.6044629,0.0113242999999999,0.1,0.1,0.4,0.4,2
0.5475429,0.0351029,0,0.4,0.5,0.1,2
0.7595629,0.0381416,0.2,0.2,0.4,0.2,2
0.6884332,0.0260344,0.3,0,0.3,0.4,3
0.6303137,0.0011989,0,0.4,0.3,0.3,1
0.5182156,0.0342886999999999,0.1,0.1,0.4,0.4,2
0.7512471,0.0499423,0.2,0.2,0.2,0.4,3
0.6725605,0.0124957,0.7,0,0.3,0,0
0.5922401999999999,0.0433863,0.1,0.4,0.2,0.3,1
0.5408791000000001,0.0438008,0.3,0.3,0,0.4,3
0.764428,0.0243194,0.3,0,0.7,0,2
0.6745,0.0035131,0.1,0.1,0.8,0,2
0.6104948,0.0438018,0.1,0.2,0.6,0.1,2
0.5622228,0.0195779,0.2,0.8,0,0,1
0.7459894,0.0487955999999999,0,0,0.6,0.4,2
0.7056536999999999,0.0037653,0.3,0,0,0.7,3
0.6267318000000001,0.0170417,0,0.4,0.5,0.1,2
0.5199701,0.018894,0.2,0.7,0.1,0,1
0.7913272,0.0314202,0.5,0.1,0.4,0,0
0.6724588,0.0057808999999999,0.3,0.1,0.1,0.5,3
0.6235744000000001,0.0399694,0.1,0,0.5,0.4,2
0.5263601,0.0136955,0.1,0.3,0.2,0.4,3
0.7767353,0.0135096,0.3,0.4,0.3,0,1
0.7153273,0.0390151,0.3,0.1,0.1,0.5,3
0.6222234999999999,0.0428821999999999,0.1,0.6,0.1,0.2,1
0.5703918,0.044618,0,0.2,0.6,0.2,2
0.7732951999999998,0.0286042,0.6,0,0.4,0,0
0.6727062,0.0241166,0,0.3,0.1,0.6,3
0.6296433000000001,0.0245969,0.1,0.1,0.7,0.1,2
0.5485929,0.0302098999999999,0.1,0.5,0.3,0.1,1
0.7976671999999999,0.0176997999999999,0.6,0.1,0.3,0,0
0.7189283000000001,0.0089531,0.4,0.2,0.1,0.3,0
0.6208672,0.0016066,0.1,0.4,0.5,0,2
0.5698904,0.0046748,0.1,0.1,0.3,0.5,3
0.7707952999999999,0.0213300999999999,0.3,0.2,0.5,0,2
0.6773541999999999,0.0336145,0,0.2,0.4,0.4,2
0.5996416999999999,0.0298497,0.3,0,0.6,0.1,2
0.5319118,0.0020959,0.2,0.1,0.1,0.6,3
0.768644,0.0305327,0.1,0.3,0.6,0,2
0.7189929,0.033871,0.6,0.2,0,0.2,0
0.6008569,0.0401676999999999,0,0.5,0.3,0.2,1
0.5556709,0.0009542,0.3,0.2,0.5,0,2
0.7853178000000001,0.0106816,0.7,0.3,0,0,0
0.7127760999999999,0.0179720999999999,0.1,0.3,0.3,0.3,1
0.6492909,0.034542,0.4,0.1,0.2,0.3,0
0.5372707,0.0120131,0.4,0.2,0.3,0.1,0
0.7954451999999999,0.0435403,0.5,0.2,0.3,0,0
0.71823,0.0434861999999999,0.1,0.6,0.1,0.2,1
0.6201156,0.0267363,0.1,0.2,0.2,0.5,3
0.5400155,0.0031418,0.7,0.3,0,0,0
0.7879488,0.0055553,0.1,0.2,0.7,0,2
0.6951970999999999,0.0292438,0.1,0.4,0.1,0.4,1
0.6048657,0.024825,0.4,0,0.4,0.2,0
0.5484727,0.0467593,0.2,0.6,0.1,0.1,1
0.7552833999999999,0.005362,0.3,0.3,0,0.4,3
0.7121791000000001,0.0060886,0,0.5,0.3,0.2,1
0.6305782,0.0464626,0.3,0.2,0.5,0,2
0.5456865,0.0201081,0.4,0.1,0.3,0.2,0
0.7876476,0.0012023,0.2,0.3,0.5,0,2
0.6813437,0.0342421,0.1,0.6,0,0.3,1
0.6244354999999999,0.013856,0.5,0.1,0.4,0,0
0.5658977,0.0488764,0.4,0,0.3,0.3,0
0.7675033,0.0284732,0,0.8,0.2,0,1
0.6832172,0.0284424,0.2,0.4,0.4,0,1
0.6261055999999999,0.0180823,0.1,0.1,0.8,0,2
0.5786766,0.0387430999999999,0.4,0.1,0,0.5,3
0.8007163,0.0257716999999999,0.3,0.4,0.3,0,1
0.7233041,0.0437831,0.6,0.3,0,0.1,0
0.6531710999999999,0.0000184,0.1,0.7,0.2,0,1
0.5415149,0.0276669,0.1,0.3,0.4,0.2,2
0.7964495999999999,0.0448736,0,0.9,0.1,0,1
0.7324833000000001,0.0032583,0.3,0.5,0.2,0,1
0.6374477,0.0457554,0.2,0.7,0.1,0,1
0.5713467,0.0297991,0.2,0.2,0.6,0,2
0.7883812,0.0133809,0.1,0,0.9,0,2
0.6848028,0.0405016,0.3,0,0.3,0.4,3
0.6117713,0.0378483,0,0.6,0.1,0.3,1
0.5764583000000001,0.0009901,0.1,0.4,0.4,0.1,1
0.7764455999999998,0.0134377,0.3,0.2,0.5,0,2
0.7224925,0.0391883,0.5,0.2,0.1,0.2,0
0.6393154000000001,0.0457199,0.2,0.1,0.6,0.1,2
0.5556711999999999,0.0497361999999999,0.2,0.2,0.2,0.4,3
0.7793561999999999,0.0413635,0.4,0.4,0.2,0,0
0.7199848000000001,0.0461091999999999,0,0.8,0,0.2,1
0.6457348,0.0158117,0.1,0.2,0,0.7,3
0.5825640999999999,0.0293265999999999,0,0.6,0.4,0,1
0.8012563999999999,0.0372158,0.4,0.2,0.4,0,0
0.6993975,0.0415223,0.1,0.4,0.5,0,2
0.617321,0.0143819,0.4,0.3,0.2,0.1,0
0.5670897,0.0471578,0.2,0.2,0.3,0.3,2
0.7921189999999999,0.0068069,0.6,0,0.4,0,0
0.6886403,0.0048433999999999,0.4,0.2,0.1,0.3,0
0.6193271,0.0122731,0.6,0,0.3,0.1,0
0.5876355999999999,0.0241102,0.1,0.5,0.3,0.1,1
0.7712217999999998,0.0206807,0.2,0.5,0.3,0,1
0.6967806,0.024123,0,0.2,0.6,0.2,2
0.6525485,0.0401705999999999,0.3,0.1,0.2,0.4,3
0.5841946,0.0305332,0.3,0.2,0,0.5,3
0.7988398,0.0205687999999999,0,0.6,0.4,0,1
0.6916325,0.0294434,0.1,0.2,0.2,0.5,3
0.6201453,0.0228386,0.5,0,0,0.5,0
0.5762592,0.0468175,0.2,0.1,0.3,0.4,3
0.8031675,0.0310336999999999,0.3,0.3,0.4,0,2
0.7203065,0.0309747,0,0.7,0.2,0.1,1
0.6567254,0.0322804,0.7,0,0,0.3,0
0.5433158,0.0398189,0.2,0.4,0.1,0.3,1
0.7709514000000001,0.0128049,0.5,0,0.1,0.4,0
0.7050954,0.0085159,0.7,0,0,0.3,0
0.6620951999999999,0.0355109,0.2,0.3,0.1,0.4,3
0.5492885000000001,0.0061562,0.1,0.5,0.4,0,1
0.7775988,0.0250592,0.2,0,0.8,0,2
0.6988885,0.0040397,0,0.5,0.1,0.4,1
0.6330836999999999,0.048443,0.2,0,0.3,0.5,3
0.5527034000000001,0.0183202,0.3,0,0.1,0.6,3
0.7999294999999998,0.003577,0.5,0.5,0,0,0
0.7398605999999999,0.039365,0.2,0.3,0.4,0.1,2
0.6622952,0.0393522,0.3,0.1,0.4,0.2,2
0.544195,0.0138137,0.3,0.1,0.4,0.2,2
0.8143564999999999,0.0490649,0.4,0.1,0.5,0,2
0.7189513000000001,0.0198665,0.4,0.4,0,0.2,0
0.6650119000000001,0.0411874,0.4,0.1,0.1,0.4,0
0.5724663000000001,0.0154653999999999,0,0.5,0.3,0.2,1
0.7769215,0.0144597999999999,0.3,0.2,0.5,0,2
0.7308708,0.0144599999999999,0.3,0.4,0.3,0,1
0.6689478,0.0179379,0.2,0,0.1,0.7,3
0.5673326,0.0449256999999999,0,0,0.8,0.2,2
0.8071998,0.0140026,0.4,0.4,0.2,0,0
0.745093,0.0189423,0.2,0.6,0.2,0,1
0.6415510999999999,0.0426606,0,0,0.1,0.9,3
0.5769075,0.0284023,0.5,0.1,0.2,0.2,0
0.8081965,0.0096712999999999,0.8,0.1,0.1,0,0
0.7390621999999999,0.0408829,0,0.5,0.4,0.1,1
0.6329859999999999,0.0328703,0.2,0.3,0.3,0.2,1
0.5713135,0.0415623,0.1,0.2,0,0.7,3
0.8089007999999999,0.0167561,0.4,0.4,0.2,0,0
0.7278281999999999,0.0117315,0.2,0.1,0.3,0.4,3
0.6628234000000001,0.0441425,0.1,0.2,0.4,0.3,2
0.5953244000000001,0.0136581999999999,0,0.3,0.1,0.6,3
0.8202355,0.0203565,0.7,0.1,0.2,0,0
0.7032163,0.0255285,0.5,0.3,0.1,0.1,0
0.6540676,0.0184487,0.2,0.3,0,0.5,3
0.5567864,0.0429739,0.2,0.3,0,0.5,3
0.7920425,0.0359411,1,0,0,0,0
0.7452416000000001,0.0088608999999999,0.5,0.3,0.1,0.1,0
0.6745185,0.0151739,0.3,0.2,0.3,0.2,0
0.5521911,0.032316,0.2,0.4,0.2,0.2,1
0.8220818999999999,0.0335018,0.5,0.2,0.3,0,0
0.702828,0.0071814999999999,0.4,0.1,0.1,0.4,0
0.6572078,0.0288123,0.3,0.1,0.4,0.2,2
0.5865807,0.0410699,0.3,0.6,0.1,0,1
0.7947088000000001,0.0351973,0.5,0.2,0.3,0,0
0.7387563,0.008043,0.2,0.3,0.5,0,2
0.6555049,0.0223902,0.6,0,0.3,0.1,0
0.6023203,0.0305217,0.8,0,0.1,0.1,0
0.8103326999999999,0.0384703,0.6,0.2,0.2,0,0
0.7347281999999999,0.0197181,0.1,0.1,0.7,0.1,2
0.662287,0.0284515999999999,0.2,0.1,0.6,0.1,2
0.5706873,0.0054873,0.2,0.2,0.1,0.5,3
0.8291639999999999,0.0327207999999999,0.5,0.4,0.1,0,0
0.7408223,0.0029601999999999,0,0.7,0.1,0.2,1
0.6518878,0.0458786999999999,0.2,0,0.7,0.1,2
0.5604533,0.0257132,0,0,0.6,0.4,2
0.7929354999999999,0.0206229,0,0.3,0.7,0,2
0.7410784999999999,0.0025856,0.3,0.3,0,0.4,3
0.6381247,0.0277368,0.1,0.5,0.2,0.2,1
0.6025147,0.0322108,0,0.3,0.6,0.1,2
0.8031541999999999,0.024384,0.7,0.2,0.1,0,0
0.7320196,0.0127866,0.3,0.3,0.4,0,2
0.6560234,0.0181252999999999,0.2,0.1,0.1,0.6,3
0.6023301,0.0413937,0.6,0.4,0,0,0
0.8058895,0.048143,0,0.7,0.3,0,1
0.7465239999999999,0.0391166,0.3,0.5,0,0.2,1
0.6817890999999999,0.0040117,0,0,0.2,0.8,3
0.6020079,0.0344106,0.4,0.2,0.3,0.1,0
0.8127883,0.0065637,0.4,0.5,0.1,0,1
0.7099886999999999,0.0385484,0.3,0,0.4,0.3,2
0.6416859,0.0006443,0.3,0.2,0.1,0.4,3
0.5623866999999999,0.0215485999999999,0.6,0.1,0.1,0.2,0
0.8076948,0.040019,0.8,0.2,0,0,0
0.7562606,0.0057386,0.3,0.1,0.5,0.1,2
0.6589297,0.0223707,0.7,0,0.1,0.2,0
0.5951895,0.024054,0.7,0.1,0.1,0.1,0
0.8189233,0.0487216,0.4,0.3,0.3,0,0
0.725532,0.0373004,0,0.1,0.3,0.6,3
0.6774494000000001,0.0262740999999999,0.1,0.4,0,0.5,3
0.6066333,0.0034426,0,0.1,0.1,0.8,3
0.8059195999999998,0.0008003,0.4,0.1,0.5,0,2
0.7512798,0.0194401,0.3,0.5,0.2,0,1
0.6862552,0.0140078,0.3,0.2,0.2,0.3,0
0.6047932,0.0088199999999999,0.2,0,0.3,0.5,3
0.8059330999999998,0.0205903,0.3,0.7,0,0,1
0.7582383999999999,0.0330996999999999,0.7,0,0.3,0,0
0.6638411,0.0252511,0.1,0.5,0.1,0.3,1
0.597853,0.0316112,0.1,0.3,0.3,0.3,1
0.8130276999999999,0.0358498,0.5,0.2,0.3,0,0
0.7157482,0.0469423,0.3,0.6,0,0.1,1
0.6713064000000001,0.0366209,0.4,0.1,0.3,0.2,0
0.6051825,0.0336941,0,0.5,0.5,0,1
0.8265288000000001,0.0380053,0.5,0.4,0.1,0,0
0.752301,0.0207317999999999,0.2,0.1,0.7,0,2
0.6659929,0.0436836,0.1,0.4,0.2,0.3,1
0.5904699999999999,0.0273829,0,0,0.6,0.4,2
0.8056339999999999,0.032222,0.1,0.7,0.2,0,1
0.7368295999999999,0.0049486,0.5,0.2,0.2,0.1,0
0.6541204,0.0132503999999999,0,0.3,0.7,0,2
0.5967548,0.0378223,0.7,0.2,0.1,0,0
0.8223446,0.0356504,0.3,0.5,0.2,0,1
0.7557158,0.0007172999999999,0.1,0.7,0,0.2,1
0.6741010999999999,0.0064266,0.7,0.1,0.1,0.1,0
0.5874214,0.0014606,0.5,0.1,0.2,0.2,0
0.8211666999999999,0.0147763,0.2,0.4,0.4,0,1
0.7414351999999998,0.0043472,0,0.3,0.7,0,2
0.6627565,0.0364014,0.4,0.1,0.2,0.3,0
0.5870661,0.0462601999999999,0.3,0.3,0.2,0.2,0
0.8072938000000001,0.0273731,0.1,0.6,0.3,0,1
0.7420341999999999,0.0174741999999999,0,0.1,0.9,0,2
0.6674545999999999,0.015327,0,0,0.3,0.7,3
0.59773,0.0358985,0.3,0.5,0.1,0.1,1
0.7983831999999998,0.0125703999999999,0.4,0.1,0.5,0,2
0.7667650999999999,0.0395506,0.1,0,0.7,0.2,2
0.6829858,0.0303656,0.6,0,0.1,0.3,0
0.6019945,0.0062036,0.2,0.4,0.2,0.2,1
0.8314295,0.0105058,0.5,0.4,0.1,0,0
0.7419861,0.0495923,0,0.2,0.5,0.3,2
0.6546701,0.0137448999999999,0.1,0.1,0.3,0.5,3
0.5822286,0.006317,0.3,0.3,0.2,0.2,0
0.8398209000000001,0.0058533,0.2,0.5,0.3,0,1
0.749826,0.0317586,0.5,0.1,0.2,0.2,0
0.6526043,0.04558,0.3,0.1,0.6,0,2
0.5776118,0.0419949,0,0.7,0.1,0.2,1
0.8133741,0.0011727,0.3,0.2,0.5,0,2
0.7622131999999999,0.0395701,0,0.1,0.6,0.3,2
0.6699206,0.0473888,0.1,0.5,0.3,0.1,1
0.6073599000000001,0.0287742,0.5,0.5,0,0,0
0.8420221999999999,0.0012015999999999,0.8,0.2,0,0,0
0.7269286,0.0109525,0.5,0.1,0,0.4,0
0.6887528,0.0466814,0,0.1,0.2,0.7,3
0.5916564000000001,0.0270642999999999,0.6,0.1,0.1,0.2,0
0.8225425,0.0323766,0,1,0,0,1
0.7649173,0.0471331,0.6,0.1,0.3,0,0
0.6872356,0.0335009999999999,0.4,0.4,0,0.2,0
0.5756023,0.0122498,0.2,0.1,0.4,0.3,2
0.8234795999999999,0.0048999,0.1,0.2,0.7,0,2
0.7438229999999999,0.0248393,0,0.7,0.3,0,1
0.6774424,0.0033552,0,0.5,0.2,0.3,1
0.5859559,0.0479370999999999,0.2,0,0,0.8,3
0.8244848,0.0041152,0.8,0.1,0.1,0,0
0.7672254,0.0412395999999999,0.2,0.7,0.1,0,1
0.6727276999999999,0.0103547,0.1,0,0.6,0.3,2
0.5788439999999999,0.0395685999999999,0.5,0.3,0.1,0.1,0
0.8297095,0.0389481,0.1,0.7,0.2,0,1
0.7648041999999999,0.0479503,0.3,0.1,0.6,0,2
0.6831119999999999,0.0340139999999999,0.4,0.2,0.1,0.3,0
0.5802389,0.0303282,0,0.4,0.1,0.5,3
0.812045,0.0249304,0.7,0.2,0.1,0,0
0.7350396999999999,0.0191209,0.3,0.4,0.2,0.1,1
0.6685781999999999,0.0034108,0.2,0.1,0.5,0.2,2
0.5949471,0.0274545,0.3,0.2,0.2,0.3,0
0.8227844999999999,0.0232926,0.6,0.3,0.1,0,0
0.7344745999999999,0.0349038,0.3,0.2,0.4,0.1,2
0.660481,0.0354995,0.1,0.3,0.1,0.5,3
0.6236471,0.0360502,0,0.3,0.2,0.5,3
0.8481693999999999,0.006711,0.5,0.5,0,0,0
0.7385522,0.0353453,0.2,0.3,0.5,0,2
0.6943398000000001,0.0187970999999999,0,0,0.8,0.2,2
0.6084771999999999,0.0454471,0,0,0.3,0.7,3
0.8419423999999999,0.0299802,0.1,0.9,0,0,1
0.7488023999999999,0.0414854,0.4,0.5,0.1,0,1
0.6766606,0.0127716,1,0,0,0,0
0.585441,0.0022073,0.2,0.1,0.3,0.4,3
0.835101,0.0415028,0.3,0.7,0,0,1
0.7426844,0.0338204999999999,0,0.5,0.4,0.1,1
0.6889071999999999,0.0310474,0.1,0.7,0,0.2,1
0.6082735,0.0395492,0.2,0.4,0.4,0,1
0.8587781999999999,0.0309890999999999,0.5,0.5,0,0,0
0.7368403,0.0243337,0.2,0.4,0.3,0.1,1
0.6829337,0.0075011,0.4,0.1,0.4,0.1,0
0.6314733,0.0297868,0.2,0.1,0.3,0.4,3
0.8499985999999999,0.0456794,0.4,0.6,0,0,1
0.7635358,0.049897,0.1,0.8,0.1,0,1
0.7014905,0.030637,0.2,0.1,0.7,0,2
0.6148321,0.0044281999999999,0.4,0.3,0.1,0.2,0
0.8159045999999999,0.0248086,0.2,0.6,0.2,0,1
0.7647817999999998,0.0248081,0.3,0.4,0.3,0,1
0.693675,0.0138390999999999,0.5,0.3,0,0.2,0
0.6223685,0.0184697,0.6,0.2,0.1,0.1,0
0.8356541999999999,0.0034522,0.2,0.8,0,0,1
0.7479964,0.0295444,0.1,0.6,0.1,0.2,1
0.6627924,0.0380048,0.2,0.1,0.5,0.2,2
0.6304468000000001,0.0490155,0.4,0.1,0.2,0.3,0
0.8286295,0.0421568,0.2,0.5,0.3,0,1
0.7569386999999999,0.0221947999999999,0.1,0.7,0.2,0,1
0.6745694999999999,0.0180865,0,0.2,0.8,0,2
0.6299863,0.0122712,0.4,0.2,0,0.4,0
0.8195906,0.0448589,0.3,0.6,0.1,0,1
0.7835244,0.0322306,0.4,0.3,0.3,0,0
0.6728459,0.0379863,0.3,0.5,0.1,0.1,1
0.6102255,0.0163197,0.1,0.2,0.4,0.3,2
0.8270466999999999,0.0387270999999999,0.4,0.5,0.1,0,1
0.7691833,0.0136547,0.3,0.4,0.1,0.2,1
0.6827962,0.0235824,0.3,0,0.1,0.6,3
0.6074225999999999,0.0239301,0.2,0.2,0.5,0.1,2
0.8480425999999999,0.0174238,0.3,0.2,0.5,0,2
0.7417060999999999,0.0068769999999999,0.7,0,0.2,0.1,0
0.6677706,0.0396579,0.4,0.2,0.3,0.1,0
0.6112045,0.013706,0.1,0.5,0,0.4,1
0.8327319999999999,0.0061562,0.3,0.4,0.3,0,1
0.7490834,0.0035814999999999,0.1,0,0.4,0.5,3
0.6726725,0.0247146,0.2,0.5,0.1,0.2,1
0.6047001999999999,0.0070171999999999,0.3,0.1,0.2,0.4,3
0.8649947,0.0225904,0.6,0.4,0,0,0
0.7621571999999999,0.0228953,0.5,0.1,0.2,0.2,0
0.6816481,0.0312879999999999,0.7,0.1,0.1,0.1,0
0.6329836999999999,0.019251,0.2,0,0.8,0,2
0.8618726999999999,0.0231162,0.7,0.3,0,0,0
0.788881,0.0162282,0.3,0.3,0.4,0,2
0.6870482,0.0189425,0.1,0.5,0.3,0.1,1
0.6094381999999999,0.0396089,0.2,0.4,0.1,0.3,1
0.8200533000000001,0.0402267,0.1,0.9,0,0,1
0.7899672,0.0246483,0.1,0.5,0.4,0,1
0.6925379,0.0442429,0.5,0,0.1,0.4,0
0.624845,0.0308320999999999,0.1,0.3,0,0.6,3
0.8384889000000001,0.0406494,0.3,0.5,0.2,0,1
0.7774421999999999,0.034395,0.4,0.2,0.4,0,0
0.7011221,0.0272178,0.1,0.6,0.2,0.1,1
0.6195852,0.0279028,0.1,0.4,0.1,0.4,1
0.8498044999999999,0.0462855999999999,1,0,0,0,0
0.7714333999999999,0.0194687,0,0.5,0.5,0,1
0.6989586999999999,0.040626,0.1,0.6,0.3,0,1
0.6283611,0.0112667999999999,0.2,0.3,0.1,0.4,3
0.8669195,0.0489274,0.3,0.7,0,0,1
0.7642698,0.0314924,0,0.5,0.5,0,1
0.6943161,0.027777,0.1,0.6,0,0.3,1
0.6211941999999999,0.0286267999999999,0.1,0.7,0,0.2,1
0.8707015999999999,0.0272089,0.8,0.2,0,0,0
0.7698798000000001,0.0161657,0.1,0.5,0.4,0,1
0.7147333,0.0068768999999999,0,0.3,0.3,0.4,3
0.6012413000000001,0.0114019,0.2,0.2,0.3,0.3,2
0.8625190999999999,0.0334861999999999,0.4,0.6,0,0,1
0.78049,0.0283443,0.2,0.7,0.1,0,1
0.6823965,0.0356492,0.5,0.1,0,0.4,0
0.6443493,0.0389321999999999,0.1,0.2,0,0.7,3
0.8630742999999998,0.027155,0.6,0.4,0,0,0
0.7600679999999999,0.0091876,0.5,0.5,0,0,0
0.689431,0.0275827999999999,0.1,0.4,0.1,0.4,1
0.6417055,0.0014685,0.2,0.2,0.4,0.2,2
0.8355289,0.0059402,0.1,0.3,0.6,0,2
0.7722195,0.0024917,0.3,0.2,0.5,0,2
0.7000996,0.0182711,0.9,0,0.1,0,0
0.6037268,0.005676,0,0.2,0.7,0.1,2
0.8359366999999999,0.0198317,0.3,0.6,0.1,0,1
0.7970344999999999,0.0033693,0.2,0.4,0.4,0,1
0.6821586,0.0299418,0.6,0,0.1,0.3,0
0.6350531999999999,0.0279676,0.1,0.4,0.1,0.4,1
0.8340436999999999,0.0393739,0.5,0.5,0,0,0
0.7869757,0.0010567999999999,0.1,0.1,0.8,0,2
0.6891295000000001,0.0457266,0.3,0.4,0.3,0,1
0.6380534999999999,0.0025024,0.5,0.3,0.2,0,0
0.8525099,0.0346164,0.6,0.4,0,0,0
0.771838,0.0280762,0.2,0,0.8,0,2
0.7067861,0.0440285,0.1,0.2,0.2,0.5,3
0.6520537,0.0291283,0.7,0,0.1,0.2,0
0.876093,0.0422346,0,1,0,0,1
0.7844945,0.0234652,0.8,0.2,0,0,0
0.7196146,0.0352205,0.4,0.3,0,0.3,0
0.6280191999999999,0.034806,0.4,0.5,0,0.1,1
0.8781495,0.0226467,0.3,0.7,0,0,1
0.7844202999999998,0.0495004,0.5,0,0.4,0.1,0
0.7123424,0.0381719,0.8,0,0.2,0,0
0.6404763000000001,0.0495551999999999,0.2,0.1,0,0.7,3
0.8772332,0.0396196999999999,0.1,0.9,0,0,1
0.7737391,0.0384836,0.4,0.4,0.2,0,0
0.7184596999999999,0.0200369,0.2,0,0.4,0.4,2
0.6138549,0.0205145999999999,0,0.2,0,0.8,3
0.8396610000000001,0.0087825999999999,0.4,0.6,0,0,1
0.8032976,0.0194727,0.1,0.2,0.7,0,2
0.6876804,0.0126151,0.2,0.1,0.5,0.2,2
0.6362244,0.0330450999999999,0.2,0,0.4,0.4,2
0.8717521,0.0457601,0.5,0.5,0,0,0
0.7746763000000001,0.0196928,0.7,0.2,0.1,0,0
0.714175,0.0010494,0.6,0.1,0.2,0.1,0
0.6546853,0.0309315999999999,0,0.3,0.3,0.4,3
0.852299,0.0287209999999999,0.4,0.6,0,0,1
0.8104219999999999,0.0095829,0.9,0.1,0,0,0
0.7285696,0.024278,0.7,0.3,0,0,0
0.6320286,0.0315492,0.1,0.3,0.2,0.4,3
0.8694322,0.03595,1,0,0,0,0
0.8084037,0.0274851,0.5,0.4,0.1,0,0
0.7150278,0.0394606999999999,0.5,0.1,0.3,0.1,0
0.6489354,0.0317807,0,0.9,0.1,0,1
0.8777193000000001,0.0185511,0.8,0.2,0,0,0
0.7651805,0.0142894,0.6,0.2,0.2,0,0
0.7294371000000001,0.0044503,0,0.4,0.1,0.5,3
0.6174558000000001,0.0268202,0.3,0.1,0.1,0.5,3
0.8883300999999999,0.0257961,0.4,0.6,0,0,1
0.7800530999999999,0.0154619,0,0.7,0.3,0,1
0.7295531999999999,0.0037681999999999,0.3,0.6,0,0.1,1
0.6277345999999999,0.0236557,0.2,0.5,0.2,0.1,1
0.8473604999999998,0.0261204,0.4,0.5,0.1,0,1
0.7825529999999999,0.0022147,0.7,0.1,0.2,0,0
0.6969407,0.0498113,0.1,0.6,0,0.3,1
0.6160648,0.0445601999999999,0,0.5,0.3,0.2,1
0.8701521000000001,0.0256358,0.8,0.2,0,0,0
0.8040863999999999,0.0351719,0.2,0,0.8,0,2
0.6967291,0.0231310999999999,0.1,0.1,0.2,0.6,3
0.620695,0.0202305999999999,0.2,0.4,0.1,0.3,1
0.8687393,0.0167738,0.7,0.3,0,0,0
0.7874462,0.0018213,0.3,0.2,0.5,0,2
0.696945,0.0464791,0.1,0.1,0.1,0.7,3
0.6227316999999999,0.0415543,0.4,0,0.2,0.4,0
0.8543516,0.0166878,0.8,0.2,0,0,0
0.7769099,0.0493461,0.4,0.3,0.3,0,0
0.6966312,0.0062352,0,0.3,0.1,0.6,3
0.6385677,0.0052813,0.5,0.1,0.2,0.2,0
0.8653365,0.0052446,0.5,0.5,0,0,0
0.7969385999999999,0.0080713,0.1,0.1,0.8,0,2
0.7041213000000001,0.0216317,0,0.3,0.1,0.6,3
0.6479235,0.0027075,0.7,0.1,0.1,0.1,0
0.8871846,0.0161117,0.8,0.2,0,0,0
0.7982211999999999,0.0444768,0.1,0.3,0.6,0,2
0.7182523000000001,0.0022461,0.2,0.5,0.1,0.2,1
0.6506909000000001,0.0448793,0.4,0,0,0.6,3
0.8913961999999999,0.0087104999999999,0.3,0.7,0,0,1
0.7982651999999999,0.0049091,0.5,0.3,0.2,0,0
0.7449124999999999,0.0215267,0,0.2,0.1,0.7,3
0.6335476,0.0207949,0.3,0.4,0,0.3,1
0.8863565000000001,0.0482145,1,0,0,0,0
0.8136914000000001,0.0328631999999999,0.7,0.2,0.1,0,0
0.7245243999999998,0.0103845,0.5,0.1,0.2,0.2,0
0.637092,0.0312199999999999,0.4,0.2,0,0.4,0
0.8902008,0.0303114,0.8,0.2,0,0,0
0.799353,0.0114557,0.3,0.5,0.2,0,1
0.717003,0.010511,0.1,0,0.1,0.8,3
0.6695755,0.0160893,0,0.9,0,0.1,1
0.8663241,0.0092228,0.9,0.1,0,0,0
0.7932886999999998,0.0388223,0.4,0.1,0.5,0,2
0.7108300000000001,0.0362464,0.2,0.3,0.3,0.2,1
0.6335811,0.0202517,0.1,0.5,0.3,0.1,1
0.8671191999999999,0.0262804,0.8,0.2,0,0,0
0.8145619000000001,0.013083,0.6,0.1,0.3,0,0
0.7097713000000001,0.0160942999999999,0.6,0.1,0.1,0.2,0
0.6740418,0.0452237,0.3,0.1,0.3,0.3,0
0.870817,0.003239,0.4,0.6,0,0,1
0.7920355,0.0162636999999999,0.4,0.4,0.2,0,0
0.7057104999999999,0.0178718,0.1,0.5,0.1,0.3,1
0.6352374,0.0288884999999999,0.1,0.8,0,0.1,1
0.8574570999999999,0.0349207,0.9,0.1,0,0,0
0.7922541999999999,0.0081966999999999,0.4,0.3,0.3,0,0
0.7161970999999999,0.049555,0.2,0.1,0.1,0.6,3
0.667397,0.0230379,0.9,0,0,0.1,0
0.8666235999999999,0.0241455,0.5,0.5,0,0,0
0.8206063,0.0366798,0.7,0.2,0.1,0,0
0.720982,0.0358549,0.5,0.4,0.1,0,0
0.6395781999999999,0.0302787,0.6,0,0.1,0.3,0
0.8835378,0.0208399,0.1,0.9,0,0,1
0.8147750999999999,0.019799,0.4,0.2,0.4,0,0
0.7327548,0.0197724,0.2,0.4,0.4,0,1
0.6553281999999999,0.0032686,0.3,0.4,0.3,0,1
0.8848176,0.0076039999999999,0.2,0.8,0,0,1
0.8099883000000001,0.0435148,0.1,0.7,0.2,0,1
0.7250581,0.0283647,0.2,0.1,0.2,0.5,3
0.6343347,0.0378257,0.5,0.2,0.3,0,0
0.8851565,0.0148475,0.7,0.3,0,0,0
0.7865059,0.0422412,0,0.2,0.8,0,2
0.734033,0.0394283,0,0.1,0.2,0.7,3
0.6329499,0.0269560999999999,0.1,0.2,0.1,0.6,3
0.8705964,0.0048152,0.9,0.1,0,0,0
0.8012053999999998,0.0296306,0.3,0.6,0.1,0,1
0.7089976,0.0005214999999999,0,0,0.2,0.8,3
0.6436118000000001,0.0137222999999999,0.3,0.1,0.1,0.5,3
0.8757059000000001,0.0240997,0.3,0.7,0,0,1
0.8054470999999999,0.0299848,0.6,0.2,0.2,0,0
0.7416550000000001,0.0150976,0.2,0.1,0.5,0.2,2
0.6660366,0.0468005,0,0.6,0.2,0.2,1
0.8796415999999999,0.0133502,0.7,0.3,0,0,0
0.8308839,0.0385922,0.5,0.4,0.1,0,0
0.7149986999999999,0.0427823,0.2,0.7,0.1,0,1
0.637225,0.0066753999999999,0.3,0.5,0.2,0,1
0.8790042999999998,0.0442858,0.5,0.5,0,0,0
0.7865274999999999,0.0261804,0.3,0.4,0.3,0,1
0.7123444999999999,0.0386315999999999,0.3,0.3,0.4,0,2
0.6523513000000001,0.0418901999999999,0.5,0.3,0.1,0.1,0
0.8933358999999998,0.0296855,0.8,0.2,0,0,0
0.8111760999999998,0.0093432,0.7,0,0.3,0,0
0.7178857,0.0085927999999999,0.2,0,0.3,0.5,3
0.6677368,0.0353847,0.3,0.2,0.1,0.4,3
0.8900209000000001,0.0479509,0.4,0.6,0,0,1
0.8208880999999999,0.0370153,0.7,0.2,0.1,0,0
0.7144153,0.016368,0.6,0.2,0.1,0.1,0
0.671342,0.0251088,0,0.5,0,0.5,1
0.9063218,0.0151986,0.9,0.1,0,0,0
0.7917688,0.0409488,0.1,0.1,0.8,0,2
0.7625564,0.0127213999999999,0.4,0.2,0.4,0,0
0.6483836,0.0137911,0,0,0.6,0.4,2
0.8725828000000001,0.0315536,0.3,0.7,0,0,1
0.8072144,0.0302783,0,0.7,0.3,0,1
0.7613918000000001,0.0071814999999999,0.3,0.5,0.2,0,1
0.6849543,0.0359364,0.5,0.2,0.1,0.2,0
0.9034445,0.0046365,0.3,0.7,0,0,1
0.8229658999999999,0.0345643,0.5,0.5,0,0,0
0.7451893,0.0128718,0.7,0.1,0.2,0,0
0.6483126,0.0003346,0.3,0.4,0,0.3,1
0.8764735999999999,0.043026,0.3,0.7,0,0,1
0.8094224,0.0031186,0.7,0.1,0.2,0,0
0.7494912999999999,0.0149349,0.4,0.1,0.5,0,2
0.6787478,0.0441069,0.1,0.3,0,0.6,3
0.8909535,0.0183209,1,0,0,0,0
0.8383933000000001,0.0325882,0.1,0.9,0,0,1
0.7205946999999999,0.0021514,0.4,0,0.2,0.4,0
0.6914759,0.0035025,0.2,0.4,0.3,0.1,1
0.8892155,0.0476906,0.4,0.6,0,0,1
0.8276624999999999,0.0253028,0.7,0.3,0,0,0
0.7453223000000001,0.0200034,0.4,0.3,0.2,0.1,0
0.6483840999999999,0.0298959,0.1,0.1,0.5,0.3,2
0.9155703000000002,0.0028303,1,0,0,0,0
0.8245624999999999,0.0031799,0.9,0.1,0,0,0
0.7295981,0.0089002999999999,0.1,0,0.3,0.6,3
0.6763218000000001,0.0082494,0.3,0.3,0.2,0.2,0
0.9162252,0.0088432,1,0,0,0,0
0.8399609999999998,0.0277332,0.7,0.3,0,0,0
0.7550011999999999,0.0374155,0.1,0.3,0.4,0.2,2
0.6825113,0.0050707999999999,0.1,0.2,0.7,0,2
0.8803254999999999,0.0379104,0.2,0.8,0,0,1
0.8067767999999998,0.0315558,0,0.8,0.2,0,1
0.7392529,0.0464123,0,0.5,0.3,0.2,1
0.6799733,0.0299409,0.7,0.1,0,0.2,0
0.9096698,0.0156853,1,0,0,0,0
0.8311357,0.0224573,0,0.5,0.5,0,1
0.7427182,0.013424,0.3,0.6,0.1,0,1
0.6787839,0.0008535,0.5,0,0.3,0.2,0
0.8965434999999999,0.0071786999999999,0.9,0.1,0,0,0
0.7986111,0.0384663,0.3,0.3,0.4,0,2
0.7720293,0.0373441,0.3,0.2,0.5,0,2
0.6674217,0.0448641,0.6,0.1,0.2,0.1,0
0.8879239,0.0037203,0.7,0.3,0,0,0
0.8428379999999999,0.0060545,0.6,0.4,0,0,0
0.7269909000000001,0.0183843,0.1,0.6,0.3,0,1
0.6898761999999999,0.0300892,0.7,0.2,0.1,0,0
0.9177871,0.0179491,0.9,0,0.1,0,0
0.8269290000000001,0.017064,0.1,0.4,0.5,0,2
0.7306312,0.0423869,0.1,0.2,0.7,0,2
0.685104,0.0025204999999999,0.1,0.4,0.2,0.3,1
0.89507,0.0320267,0.6,0.4,0,0,0
0.8238121999999999,0.0096899,0.1,0.4,0.5,0,2
0.7263608999999999,0.0021559,0.3,0.1,0.2,0.4,3
0.674905,0.0288393,0,0.5,0.4,0.1,1
0.8818694999999999,0.0333865,0.8,0.2,0,0,0
0.8093728,0.0290346999999999,0.4,0.6,0,0,1
0.7689637999999999,0.0204252,0.5,0.5,0,0,0
0.6545598000000001,0.0386883,0.4,0.4,0,0.2,0
0.8875610999999999,0.0157785,0.7,0.3,0,0,0
0.8104571999999999,0.0165900999999999,0.1,0.6,0.3,0,1
0.7379107999999999,0.0483309,0.1,0.4,0.3,0.2,1
0.6774817,0.0040273,0,0.6,0.1,0.3,1
0.9040999,0.0393268,0.7,0.3,0,0,0
0.8326582,0.0456126999999999,0.2,0.6,0.2,0,1
0.7417438000000001,0.0100402999999999,0.6,0.1,0.2,0.1,0
0.6989607,0.0385171999999999,0.2,0.5,0.3,0,1
0.8935678,0.0278348,0.3,0.7,0,0,1
0.8139735,0.0296531999999999,0.1,0.7,0.2,0,1
0.7749388,0.0062619999999999,0.2,0.3,0.5,0,2
0.6882451,0.0262024,0.2,0,0.2,0.6,3
0.9169171,0.0418663,0.8,0.2,0,0,0
0.8141922999999999,0.0141260999999999,0.1,0.7,0.2,0,1
0.7781665,0.0274971,0.2,0.3,0.5,0,2
0.680662,0.0469438,0.2,0.5,0.1,0.2,1
0.9308448,0.0042915,1,0,0,0,0
0.8517530000000001,0.0173637999999999,0.8,0.1,0.1,0,0
0.7817725,0.0225426,0,0.2,0.8,0,2
0.6822143,0.0174185,0.7,0.1,0.1,0.1,0
0.8836110999999999,0.0159915999999999,0.7,0.3,0,0,0
0.8184566999999999,0.0221099999999999,0.3,0.2,0.5,0,2
0.7463010999999999,0.0033854999999999,0.1,0,0.1,0.8,3
0.6619615,0.0115737,0.3,0.1,0.2,0.4,3
0.9003386999999998,0.0499981,0.6,0.4,0,0,0
0.8556419,0.0055651,0.4,0.6,0,0,1
0.7735744000000001,0.0336085,0.5,0.2,0.3,0,0
0.7062248000000001,0.0089595,0.9,0.1,0,0,0
0.9278628,0.0476876,1,0,0,0,0
0.8300351999999999,0.0320665,0.3,0.5,0.2,0,1
0.7809017999999999,0.0091852,0.4,0.4,0.2,0,0
0.6690835999999999,0.0177227,0.5,0.2,0.1,0.2,0
0.9311002,0.0389349,1,0,0,0,0
0.8350077999999999,0.0448644,0.4,0.6,0,0,1
0.7663272,0.0306781,0,0.3,0.7,0,2
0.6668878,0.0286257,0.2,0.1,0.7,0,2
0.9037932,0.0003583,0.6,0.4,0,0,0
0.827045,0.0393691,0.4,0.4,0.2,0,0
0.7683295,0.0177767,0.1,0.1,0.7,0.1,2
0.6782066999999999,0.0067688,0.1,0.7,0.1,0.1,1
0.888567,0.0361246999999999,0.5,0.4,0.1,0,0
0.8331294999999999,0.0160426,0.2,0.4,0.4,0,1
0.7818895999999999,0.0307151999999999,0.7,0.1,0.2,0,0
0.6821498,0.0116089,0.3,0.2,0.4,0.1,2
0.8929941999999998,0.0465986,1,0,0,0,0
0.8430042,0.0038022,0.6,0.4,0,0,0
0.7802255,0.0355423,0.6,0.2,0.2,0,0
0.673433,0.0351521,0.4,0.2,0.3,0.1,0
0.9205304,0.0480515,0.7,0.3,0,0,0
0.8433076999999999,0.0320086,0.4,0.6,0,0,1
0.7546444999999999,0.0469863,0.4,0.2,0.3,0.1,0
0.7049149,0.0444932,0,0.4,0,0.6,3
0.9113313,0.0275212999999999,0.9,0.1,0,0,0
0.8174089,0.0049738,0.4,0.6,0,0,1
0.7512357,0.0321397,0.5,0.2,0.2,0.1,0
0.6692218000000001,0.0236947,0.6,0.1,0.2,0.1,0
0.9047902,0.00632,0.7,0.3,0,0,0
0.8470205,0.0230113,0.6,0.4,0,0,0
0.7563516,0.0124896,0.5,0.5,0,0,0
0.6804996,0.0389327,0.7,0.2,0.1,0,0
0.9204342,0.0322984,0.6,0.4,0,0,0
0.8290665999999999,0.0277640999999999,1,0,0,0,0
0.7544970999999999,0.0241468,0.1,0,0.6,0.3,2
0.7063837,0.0035049,0.2,0,0.3,0.5,3
0.9405224,0.0143088,1,0,0,0,0
0.8499985000000001,0.0257087999999999,0.4,0.6,0,0,1
0.7794149,0.0499855,0.3,0.6,0,0.1,1
0.6720973000000001,0.0028686999999999,0.2,0.1,0.1,0.6,3
0.9157417000000002,0.0464893,0.7,0.3,0,0,0
0.8427527,0.0454429,0.8,0.1,0.1,0,0
0.765532,0.0109468,0.5,0.1,0.4,0,0
0.6803872,0.0358356,0.5,0.1,0.1,0.3,0
0.9418239,0.0033643,1,0,0,0,0
0.8603572,0.0303939,0.5,0.5,0,0,0
0.7928328,0.0335529,0.1,0.8,0.1,0,1
0.6948563,0.0333078,0.3,0.7,0,0,1
0.9275234000000002,0.0285139999999999,1,0,0,0,0
0.8377752,0.0117426,0.5,0.4,0.1,0,0
0.7802333999999999,0.0208925999999999,0.1,0.2,0.7,0,2
0.7066534999999999,0.0161945,0.3,0.1,0.1,0.5,3
0.8996016,0.0420906,0.6,0.4,0,0,0
0.8708921999999999,0.0214093,0.6,0.4,0,0,0
0.7724108000000001,0.0441611,0.4,0.2,0.4,0,0
0.716716,0.0227962,0.2,0.4,0.3,0.1,1
0.9013565999999998,0.004637,0.6,0.4,0,0,0
0.8648116,0.0416035,0.2,0.8,0,0,1
0.7695600999999999,0.0409311,0.2,0.2,0.6,0,2
0.7164364000000001,0.0486218,0.4,0.5,0.1,0,1
0.9340054,0.013058,1,0,0,0,0
0.8700759999999998,0.0282929,0.5,0.5,0,0,0
0.7642303999999999,0.0135317,0.6,0.1,0.3,0,0
0.6836812,0.0170782999999999,0.6,0.3,0.1,0,0
0.9145371000000002,0.0368268,0.6,0.4,0,0,0
0.8401726,0.0371485,0.6,0.3,0.1,0,0
0.7714714999999999,0.0335265,0.2,0.3,0.5,0,2
0.7147915,0.0120557,0.2,0.1,0.5,0.2,2
0.936385,0.032374,1,0,0,0,0
0.8695398999999999,0.01095,0.3,0.7,0,0,1
0.7607443,0.0009889,0,0.6,0.3,0.1,1
0.7070119,0.0036953,0,0,0.2,0.8,3
0.9406506,0.0113162,1,0,0,0,0
0.8412509,0.0271559,0.9,0.1,0,0,0
0.7632893,0.042738,0.8,0,0.1,0.1,0
0.6966554,0.0189362,0,0.3,0.6,0.1,2
0.9127243,0.0027070999999999,1,0,0,0,0
0.8631245999999999,0.0447298,0.2,0.8,0,0,1
0.7969729999999999,0.0237508,0.7,0.2,0.1,0,0
0.7158411,0.0111256,0.1,0.4,0,0.5,3
0.9125126,0.0387560999999999,0.7,0.3,0,0,0
0.8573895999999999,0.0408704,0.8,0.2,0,0,0
0.7992395,0.0203060999999999,0.4,0.6,0,0,1
0.6847335,0.0202011,0.2,0.4,0.4,0,1
0.9401601,0.045252,1,0,0,0,0
0.8425796,0.0341606,0.9,0.1,0,0,0
0.7562725,0.0202778,0.1,0.2,0.7,0,2
0.7257492,0.0390664,0.2,0.1,0,0.7,3
0.9298405,0.0054522,1,0,0,0,0
0.8493460999999999,0.043517,0.2,0.8,0,0,1
0.7934266,0.0434314,0.2,0.4,0.4,0,1
0.7304469999999998,0.049848,0.8,0.1,0.1,0,0
0.9241835,0.0458306999999999,1,0,0,0,0
0.8599543,0.0249567,0.9,0.1,0,0,0
0.7760629,0.0386217,0.5,0.2,0.3,0,0
0.6925439,0.0323568,0,0.5,0.2,0.3,1
0.9286796,0.0339101,1,0,0,0,0
0.8610619,0.0477171,0,1,0,0,1
0.7866798,0.0278181,0.7,0.3,0,0,0
0.713537,0.0152264,0.3,0.1,0,0.6,3
0.9132552,0.0285069,0.7,0.3,0,0,0
0.8531054,0.0295174,0.7,0.3,0,0,0
0.7941114999999999,0.0361371,0.4,0,0.6,0,2
0.6906609,0.0026875999999999,0.6,0.2,0.2,0,0
0.9176265,0.0380034,1,0,0,0,0
0.8704201999999999,0.0230629,0.5,0.5,0,0,0
0.7734858,0.0118363,0.1,0.3,0.6,0,2
0.6993366999999999,0.004027,0,0.4,0.2,0.4,1
0.9185712,0.018611,1,0,0,0,0
0.8515169,0.0464249,1,0,0,0,0
0.7966051,0.0015037,0.1,0.6,0.3,0,1
0.6949112,0.0262442,0.3,0.2,0,0.5,3
0.9592464,0.0420758,1,0,0,0,0
0.8523421,0.0156825,0.2,0.8,0,0,1
0.7700078,0.0036453,0.5,0.2,0.3,0,0
0.7358515999999999,0.0267667,0.1,0.3,0.4,0.2,2
0.9395534,0.0431338,1,0,0,0,0
0.8829599,0.0151836,0.8,0.2,0,0,0
0.7725642,0.049487,0.6,0.3,0,0.1,0
0.7051151999999999,0.0016771,0.5,0,0.2,0.3,0
0.9592131,0.0024799,1,0,0,0,0
0.8697676999999999,0.0310156999999999,0.5,0.5,0,0,0
0.7983555,0.0124894,0.5,0,0.5,0,0
0.7013075,0.0499472,0.6,0.1,0.2,0.1,0
0.9558717000000002,0.0188630999999999,1,0,0,0,0
0.8882514999999999,0.0151537999999999,0.6,0.4,0,0,0
0.8095761999999999,0.0349571999999999,0.2,0.5,0.3,0,1
0.7173943,0.0008599999999999,0.1,0.3,0.2,0.4,3
0.959659,0.0246745,1,0,0,0,0
0.8466116,0.0288993,0.2,0.8,0,0,1
0.8053108,0.0431775,0.8,0,0.2,0,0
0.7099622,0.0026341,0.3,0.2,0.3,0.2,0
0.9575045,0.0136567,1,0,0,0,0
0.87439,0.0307644,0.8,0.2,0,0,0
0.8114601999999999,0.0291363,0.1,0.9,0,0,1
0.7198081000000001,0.0069888,0,0,1,0,2
0.9528908,0.0267522,0.9,0.1,0,0,0
0.8778669,0.0097218,0.6,0.4,0,0,0
0.8012603,0.0137131,0.6,0.4,0,0,0
0.6984093000000001,0.0160452,0.5,0.3,0,0.2,0
0.9237409,0.0075741,1,0,0,0,0
0.8574949000000001,0.0011677,0.8,0.2,0,0,0
0.7985007,0.0110042,0.1,0.1,0.8,0,2
0.7104881,0.0379769,0.2,0.3,0.4,0.1,2
0.9513853,0.0255689,1,0,0,0,0
0.8797828999999999,0.0009067999999999,0.9,0.1,0,0,0
0.7847389999999999,0.011838,0.3,0.6,0.1,0,1
0.7055587,0.0050563999999999,0.7,0,0.2,0.1,0
0.9555457,0.0231209,1,0,0,0,0
0.8927715,0.0008966,0.1,0.9,0,0,1
0.773648,0.0010342,0.5,0.3,0.2,0,0
0.7163417,0.0176761,0.2,0.2,0.5,0.1,2
0.9519469000000002,0.027392,1,0,0,0,0
0.8767983,0.0273943,0.9,0.1,0,0,0
0.7902924,0.0433406,0.6,0.2,0.2,0,0
0.7291258,0.0028631,0.1,0.4,0.2,0.3,1
0.9626596,0.0331014,1,0,0,0,0
0.8854993,0.0133757,0.5,0.5,0,0,0
0.8078278,0.0112614,0.6,0.3,0.1,0,0